GraphRAG Ground Truth Dataset - COURSES AI,,,,,,,,,,,,
x Bắt buộc điền | v Tuỳ chọn (để trống nếu không có) | Mỗi hàng = 1 test case,,,,,,,,,,,,
x id,x query,x query_type,x ground_truth_answer,x gold_entities,x relevant_node_ids,v gold_path,v gold_hop_count,v expected_communities,v source_document,v annotator,v notes,
"VD: q001, q002",Câu hỏi thực tế,single_hop | multi_hop | global,Đáp án chuẩn đầy đủ,Entity1; Entity2; Entity3 (ngăn cách bởi ;),node_id1; node_id2 (từ graph của nhóm),"A; B; C (thứ tự hop, để trống nếu global)",Số hop (= số phần tử gold_path - 1),community1; community2 (chỉ dùng cho global),Tài liệu / paper nguồn,Tên người tạo case,Ghi chú thêm,
q001,Học ngành công nghệ thông tin ra trường làm gì?,single_hop,"Học ngành CÔNG NGHỆ THÔNG TIN (mã ngành: 7480201) ra trường, bạn có thể làm các nghề nghiệp như:
- LẬP TRÌNH VIÊN
- KỸ SƯ PHẦN MỀM
- KIỂM THỬ TỰ ĐỘNG
- CHUYÊN VIÊN PHÂN TÍCH DỮ LIỆU
- KỸ SƯ CẦU NỐI
- LẬP TRÌNH GAME
- TESTER",KIỂM THỬ TỰ ĐỘNG; DATA ANALYST; TESTER; KỸ SƯ PHẦN MỀM; KỸ SƯ CẦU NỐI; LẬP TRÌNH GAME; LẬP TRÌNH VIÊN; LẬP TRÌNH NHÚNG; KHÓA LUẬN TỐT NGHIỆP; KHOA HỌC MÁY TÍNH; PHÂN TÍCH VÀ THIẾT KẾ HỆ THỐNG; CÔNG NGHỆ THÔNG TIN; TIẾNG ANH CHUYÊN NGÀNH; MẠNG KẾT NỐI VẠN VẬT; NHẬP MÔN CÔNG NGHỆ THÔNG TIN; HỆ QUẢN TRỊ CƠ SỞ DỮ LIỆU; LẬP TRÌNH HƯỚNG ĐỐI TƯỢNG; QUẢN LÝ DỰ ÁN CÔNG NGHỆ THÔNG TIN; KHÓA LUẬN TỐT NGHIỆP NGÀNH CÔNG NGHỆ THÔNG TIN,4:faea6990-b4df-4778-b420-d71faa741085:215; 4:faea6990-b4df-4778-b420-d71faa741085:241; 4:faea6990-b4df-4778-b420-d71faa741085:330; 4:faea6990-b4df-4778-b420-d71faa741085:293; 4:faea6990-b4df-4778-b420-d71faa741085:284; 4:faea6990-b4df-4778-b420-d71faa741085:301; 4:faea6990-b4df-4778-b420-d71faa741085:119; 4:faea6990-b4df-4778-b420-d71faa741085:309; 4:faea6990-b4df-4778-b420-d71faa741085:2615; 4:faea6990-b4df-4778-b420-d71faa741085:105; 4:faea6990-b4df-4778-b420-d71faa741085:7; 4:faea6990-b4df-4778-b420-d71faa741085:89; 4:faea6990-b4df-4778-b420-d71faa741085:8; 4:faea6990-b4df-4778-b420-d71faa741085:20; 4:faea6990-b4df-4778-b420-d71faa741085:90; 4:faea6990-b4df-4778-b420-d71faa741085:4; 4:faea6990-b4df-4778-b420-d71faa741085:94; 4:faea6990-b4df-4778-b420-d71faa741085:19; 4:faea6990-b4df-4778-b420-d71faa741085:461,KIỂM THỬ TỰ ĐỘNG; DATA ANALYST; TESTER; KỸ SƯ PHẦN MỀM; KỸ SƯ CẦU NỐI; LẬP TRÌNH GAME; LẬP TRÌNH VIÊN; LẬP TRÌNH NHÚNG; KHÓA LUẬN TỐT NGHIỆP; KHOA HỌC MÁY TÍNH; PHÂN TÍCH VÀ THIẾT KẾ HỆ THỐNG; CÔNG NGHỆ THÔNG TIN; TIẾNG ANH CHUYÊN NGÀNH; MẠNG KẾT NỐI VẠN VẬT; NHẬP MÔN CÔNG NGHỆ THÔNG TIN; HỆ QUẢN TRỊ CƠ SỞ DỮ LIỆU; LẬP TRÌNH HƯỚNG ĐỐI TƯỢNG; QUẢN LÝ DỰ ÁN CÔNG NGHỆ THÔNG TIN; KHÓA LUẬN TỐT NGHIỆP NGÀNH CÔNG NGHỆ THÔNG TIN,,,CUR-CTĐT ngành Công nghệ thông tin,Quybui,"Các nodes có label ""CAREER"" gần với node ""CÔNG NGHỆ THÔNG TIN""",
q002,"Dạ em hiện tại đang là sinh viên năm 3 ngành HTTT, em có định hướng DA thì hiện tại em nên trang bị cho mình những kĩ năng gì ạ, em cảm ơn ạ.",global,"Để định hướng vào lĩnh vực Data Analyst (DA), bạn nên trang bị cho mình những kỹ năng sau:
1. Kỹ năng giao tiếp - Đây là kỹ năng quan trọng để bạn có thể truyền đạt thông tin và kết quả phân tích đến các bên liên quan.
2. Phân tích dữ liệu - Kỹ năng này giúp bạn hiểu và xử lý dữ liệu một cách hiệu quả.
3. Kỹ năng thiết kế và trình bày báo cáo - Bạn cần biết cách tạo ra các báo cáo trực quan và dễ hiểu từ dữ liệu.
4. Kỹ năng phân tích logic - Giúp bạn tư duy và giải quyết vấn đề một cách hiệu quả.
5. Cần biết sử dụng SQL - Kỹ năng này rất cần thiết để truy vấn và quản lý cơ sở dữ liệu.
6. Cần biết sử dụng các công cụ liên quan đến thiết kế, xây dựng kho dữ liệu - Điều này giúp bạn trong việc lưu trữ và xử lý dữ liệu.
7. Có kiến thức, sử dụng được những công cụ chuyên dụng như Hadoop, Kafka - Đây là những công cụ phổ biến trong phân tích dữ liệu lớn.
8. Có kinh nghiệm liên quan đến kho dữ liệu, các công cụ phân tích - Kinh nghiệm thực tế sẽ giúp bạn tự tin hơn trong công việc.
9. Có kinh nghiệm liên quan đến các giải pháp BI và ETL - Điều này rất hữu ích trong việc chuyển đổi và phân tích dữ liệu.","CƠ SỞ DỮ LIỆU; SQL; SỬ DỤNG CÁC CÔNG CỤ THỐNG KÊ VÀ TRUY VẤN; CÔNG CỤ TRỰC QUAN HÓA; NGÔN NGỮ LẬP TRÌNH; KIẾN THỨC VỀ TOÁN HỌC, THỐNG KÊ VÀ KHAI PHÁ DỮ LIỆU; HIỂU RÕ VỀ CÁC MÔ HÌNH DỮ LIỆU, THUẬT TOÁN, KỸ THUẬT CHUYỂN ĐỔI DỮ LIỆU; GIẢI PHÁP BI; HADOOP; PHÂN TÍCH LOGIC; KỸ NĂNG GIAO TIẾP VÀ DIỄN GIẢI DỮ LIỆU; KỸ NĂNG QUAN SÁT, TƯ DUY LOGIC VÀ PHÂN TÍCH; GIẢI QUYẾT VẤN ĐỀ VÀ LÀM VIỆC NHÓM; QUẢN LÝ THỜI GIAN VÀ TỔ CHỨC CÔNG VIỆC",4:faea6990-b4df-4778-b420-d71faa741085:1076; 4:faea6990-b4df-4778-b420-d71faa741085:230; 4:faea6990-b4df-4778-b420-d71faa741085:245; 4:faea6990-b4df-4778-b420-d71faa741085:247; 4:faea6990-b4df-4778-b420-d71faa741085:246; 4:faea6990-b4df-4778-b420-d71faa741085:248; 4:faea6990-b4df-4778-b420-d71faa741085:255; 4:faea6990-b4df-4778-b420-d71faa741085:1074; 4:faea6990-b4df-4778-b420-d71faa741085:1077; 4:faea6990-b4df-4778-b420-d71faa741085:1079; 4:faea6990-b4df-4778-b420-d71faa741085:250; 4:faea6990-b4df-4778-b420-d71faa741085:249; 4:faea6990-b4df-4778-b420-d71faa741085:251; 4:faea6990-b4df-4778-b420-d71faa741085:252,,,9; 18,CAR-Chuyên viên dữ liệu,Quybui,"Các nodes có label ""SKILL""  gần với node ""PHÂN TÍCH DỮ LIỆU"" và ""CHUYÊN VIÊN DỮ LIỆU""",
q003,Lập trình game là tự học hay theo chuyên ngành nào thế có phải công nghệ đa phương tiện k ạ,multi_hop,"Lập trình game có thể được học qua các chuyên ngành như công nghệ thông tin (mã ngành: 7480201), khoa học máy tính (mã ngành: 7480101), công nghệ đa phương tiện, máy tính & khoa học thông tin, và mỹ thuật đa phương tiện.",CÔNG NGHỆ THÔNG TIN; CÔNG NGHỆ ĐA PHƯƠNG TIỆN; MÁY TÍNH & KHOA HỌC THÔNG TIN; MỸ THUẬT ĐA PHƯƠNG TIỆN; PHÂN TÍCH VÀ THIẾT KẾ HỆ THỐNG; KHÓA LUẬN TỐT NGHIỆP NGÀNH CÔNG NGHỆ THÔNG TIN; PHÂN TÍCH VÀ THIẾT KẾ THUẬT TOÁN; NHẬP MÔN CÔNG NGHỆ THÔNG TIN; HỆ QUẢN TRỊ CƠ SỞ DỮ LIỆU; LẬP TRÌNH GAME; CHUYÊN ĐỀ THỰC TẾ NGÀNH KHOA HỌC MÁY TÍNH,4:faea6990-b4df-4778-b420-d71faa741085:89; 4:faea6990-b4df-4778-b420-d71faa741085:302; 4:faea6990-b4df-4778-b420-d71faa741085:303; 4:faea6990-b4df-4778-b420-d71faa741085:304; 4:faea6990-b4df-4778-b420-d71faa741085:7; 4:faea6990-b4df-4778-b420-d71faa741085:461; 4:faea6990-b4df-4778-b420-d71faa741085:15; 4:faea6990-b4df-4778-b420-d71faa741085:90; 4:faea6990-b4df-4778-b420-d71faa741085:4; 4:faea6990-b4df-4778-b420-d71faa741085:301; 4:faea6990-b4df-4778-b420-d71faa741085:1417,LẬP TRÌNH GAME; CÔNG NGHỆ ĐA PHƯƠNG TIỆN,1,,CAR-Lập trình game,Quybui,Câu hỏi định hướng ngành học cho nghề lập trình game,
q004,Em học lập trình nhúng cơ hội việc làm cao không ạ,single_hop,"Học lập trình nhúng có thể mang lại nhiều cơ hội việc làm, đặc biệt là trong lĩnh vực Công nghệ thông tin (mã ngành: 7480201). Ngành này cung cấp nhiều môn học liên quan như Xử lý ảnh (mã môn: CNTT1166), Phát triển ứng dụng di động (mã môn: CNTT1157), và Kiểm thử tự động (mã môn: CNTT1159), giúp bạn trang bị những kiến thức và kỹ năng cần thiết.
Ngoài ra, để thành công trong nghề lập trình nhúng, bạn cần thành thạo các ngôn ngữ lập trình như Java, Python, C#, JavaScript và sử dụng tốt các công cụ/framework kiểm thử như Selenium, Appium, JMeter, Katalon.
Với những kỹ năng này, bạn sẽ có nhiều cơ hội việc làm trong ngành lập trình nhúng.",CÔNG NGHỆ THÔNG TIN; KHOA HỌC MÁY TÍNH; PHÂN TÍCH VÀ THIẾT KẾ HỆ THỐNG; MẠNG KẾT NỐI VẠN VẬT; NHẬP MÔN CÔNG NGHỆ THÔNG TIN; LẬP TRÌNH HƯỚNG ĐỐI TƯỢNG; CÁC CÔNG NGHỆ HIỆN ĐẠI TRONG CNTT; MẠNG MÁY TÍNH VÀ TRUYỀN SỐ LIỆU; QUẢN TRỊ MẠNG; TIẾNG ANH CHUYÊN NGÀNH,4:faea6990-b4df-4778-b420-d71faa741085:89; 4:faea6990-b4df-4778-b420-d71faa741085:105; 4:faea6990-b4df-4778-b420-d71faa741085:7; 4:faea6990-b4df-4778-b420-d71faa741085:20; 4:faea6990-b4df-4778-b420-d71faa741085:90; 4:faea6990-b4df-4778-b420-d71faa741085:94; 4:faea6990-b4df-4778-b420-d71faa741085:100; 4:faea6990-b4df-4778-b420-d71faa741085:3; 4:faea6990-b4df-4778-b420-d71faa741085:6; 4:faea6990-b4df-4778-b420-d71faa741085:8,LẬP TRÌNH NHÚNG,,,CAR-Lập trình nhúng,Quybui,,
q005,Mn cho em xin ý kiến ngành khoa học máy tính và công nghệ thông tin với ngành nào thì cơ hội tìm việc làm cao hơn ạ,multi_hop,"Ngành khoa học máy tính (7480101) có cơ hội nghề nghiệp cao hơn so với ngành công nghệ thông tin (7480201). Cụ thể, khoa học máy tính dẫn đến các nghề như lập trình viên, kỹ sư phần mềm và kiểm thử tự động, trong khi công nghệ thông tin cũng có các nghề tương tự nhưng ít đa dạng hơn.
Về môn học, khoa học máy tính cung cấp các môn như nhập môn công nghệ thông tin (CNTT1116), lập trình hướng đối tượng (CNTT1131), và phân tích và thiết kế hệ thống (CNTT1117). Những môn học này giúp sinh viên trang bị kiến thức và kỹ năng cần thiết cho các vị trí công việc trong lĩnh vực công nghệ.
Nếu bạn đang cân nhắc giữa hai ngành này, khoa học máy tính có vẻ là lựa chọn tốt hơn về mặt cơ hội nghề nghiệp.",KHOA HỌC MÁY TÍNH; CÔNG NGHỆ THÔNG TIN; KỸ THUẬT PHẦN MỀM; PHÂN TÍCH VÀ THIẾT KẾ HỆ THỐNG; TIẾNG ANH CHUYÊN NGÀNH; MẠNG KẾT NỐI VẠN VẬT; THIẾT KẾ WEB; PHÂN TÍCH VÀ THIẾT KẾ THUẬT TOÁN; NHẬP MÔN CÔNG NGHỆ THÔNG TIN; LẬP TRÌNH PYTHON; HỆ QUẢN TRỊ CƠ SỞ DỮ LIỆU; KIỂM THỬ TỰ ĐỘNG,4:faea6990-b4df-4778-b420-d71faa741085:105; 4:faea6990-b4df-4778-b420-d71faa741085:89; 4:faea6990-b4df-4778-b420-d71faa741085:159; 4:faea6990-b4df-4778-b420-d71faa741085:7; 4:faea6990-b4df-4778-b420-d71faa741085:8; 4:faea6990-b4df-4778-b420-d71faa741085:20; 4:faea6990-b4df-4778-b420-d71faa741085:111; 4:faea6990-b4df-4778-b420-d71faa741085:15; 4:faea6990-b4df-4778-b420-d71faa741085:90; 4:faea6990-b4df-4778-b420-d71faa741085:12; 4:faea6990-b4df-4778-b420-d71faa741085:4; 4:faea6990-b4df-4778-b420-d71faa741085:215,KHOA HỌC MÁY TÍNH; CÔNG NGHỆ THÔNG TIN,1,,CUR-CTĐT ngành Công nghệ thông tin; CUR-CTĐT ngành Khoa học máy tính,Quybui,,
q006,Cho em hỏi giờ em muốn làm data engineer thì cẩn những gì vậy ạ với nghề đó có nhiều cơ hội kh ạ,multi_hop,"Để trở thành một data engineer, bạn cần trang bị một số kỹ năng quan trọng như:
Kỹ năng giao tiếp.
Hiểu rõ về các mô hình dữ liệu, thuật toán, kỹ thuật chuyển đổi dữ liệu.
Có kinh nghiệm liên quan đến các giải pháp BI và ETL.
Có kinh nghiệm liên quan đến kho dữ liệu, các công cụ phân tích.
Có kiến thức, sử dụng được những công cụ chuyên dụng như hadoop, kafka.
Cần biết sử dụng các công cụ liên quan đến thiết kế, xây dựng kho dữ liệu.
Cần biết sử dụng sql.
Kỹ năng phân tích logic.
Kỹ năng thiết kế và trình bày báo cáo.
Về cơ hội nghề nghiệp, ngành data engineer hiện đang có nhiều cơ hội phát triển do nhu cầu ngày càng tăng trong việc xử lý và phân tích dữ liệu trong các tổ chức.",CHUYÊN VIÊN DỮ LIỆU; CƠ SỞ DỮ LIỆU; KỸ NĂNG GIAO TIẾP; LẬP TRÌNH VIÊN; KỸ SƯ PHẦN MỀM; SYSTEM ADMIN; KHÓA LUẬN TỐT NGHIỆP; CHUYÊN ĐỀ THỰC TẾ,4:faea6990-b4df-4778-b420-d71faa741085:225; 4:faea6990-b4df-4778-b420-d71faa741085:1076; 4:faea6990-b4df-4778-b420-d71faa741085:237; 4:faea6990-b4df-4778-b420-d71faa741085:119; 4:faea6990-b4df-4778-b420-d71faa741085:293; 4:faea6990-b4df-4778-b420-d71faa741085:319; 4:faea6990-b4df-4778-b420-d71faa741085:478; 4:faea6990-b4df-4778-b420-d71faa741085:1751,DATA ENGINEER,1,,CAR-Data Engineer,Quybui,,
q008,Em mạnh về phân tích dữ liệu nhưng không thích lập trình thì phù hợp nghề nào?,global,"Nếu bạn mạnh về phân tích dữ liệu nhưng không thích lập trình, bạn có thể xem xét các nghề nghiệp như:
Chuyên viên dữ liệu - nghề này yêu cầu kỹ năng phân tích dữ liệu.
Data analyst - cũng là một lựa chọn phù hợp với kỹ năng phân tích dữ liệu.
Kế toán quản trị - nghề này yêu cầu sử dụng thành thạo các phần mềm kế toán và phần mềm phân tích dữ liệu
Ngoài ra, bạn có thể tham khảo môn học phân tích dữ liệu (mã môn: TKKT1124) để nâng cao kiến thức của mình trong lĩnh vực này.",KẾ TOÁN QUẢN TRỊ; KIỂM THỬ TỰ ĐỘNG; DATA ANALYST; TESTER; CHUYÊN VIÊN DỮ LIỆU; KỸ SƯ PHẦN MỀM; KỸ SƯ CẦU NỐI; CUSTOMER SUCCESS; CHUYÊN ĐỀ THỰC TẾ; KHÓA LUẬN TỐT NGHIỆP; KHOA HỌC MÁY TÍNH; CÔNG NGHỆ THÔNG TIN; AN TOÀN THÔNG TIN; PHÁT TRIỂN NGHỀ NGHIỆP NGÀNH DU LỊCH VÀ LỮ HÀNH; PHÂN TÍCH DỮ LIỆU 2; PHÂN TÍCH DỮ LIỆU 1; KHÓA LUẬN TỐT NGHIỆP NGÀNH CÔNG NGHỆ THÔNG TIN; THS. PHẠM THẢO; PHÂN TÍCH DỮ LIỆU; KHÓA LUẬN TỐT NGHIỆP - QUẢN TRỊ DỊCH VỤ DU LỊCH VÀ LỮ HÀNH,4:faea6990-b4df-4778-b420-d71faa741085:274; 4:faea6990-b4df-4778-b420-d71faa741085:215; 4:faea6990-b4df-4778-b420-d71faa741085:241; 4:faea6990-b4df-4778-b420-d71faa741085:330; 4:faea6990-b4df-4778-b420-d71faa741085:225; 4:faea6990-b4df-4778-b420-d71faa741085:293; 4:faea6990-b4df-4778-b420-d71faa741085:284; 4:faea6990-b4df-4778-b420-d71faa741085:236; 4:faea6990-b4df-4778-b420-d71faa741085:820; 4:faea6990-b4df-4778-b420-d71faa741085:2887; 4:faea6990-b4df-4778-b420-d71faa741085:105; 4:faea6990-b4df-4778-b420-d71faa741085:89; 4:faea6990-b4df-4778-b420-d71faa741085:1; 4:faea6990-b4df-4778-b420-d71faa741085:5122; 4:faea6990-b4df-4778-b420-d71faa741085:578; 4:faea6990-b4df-4778-b420-d71faa741085:565; 4:faea6990-b4df-4778-b420-d71faa741085:461; 4:faea6990-b4df-4778-b420-d71faa741085:404; 4:faea6990-b4df-4778-b420-d71faa741085:188; 4:faea6990-b4df-4778-b420-d71faa741085:2831,,,1; 6; 7; 9; 10; 14; 16; 19; 20; 21,SYL-Phân tích dữ liệu lớn_TKKD1127; SYL-Phân tích dữ liệu_TKKT1124; CAR-Data Analyst,Quybui,"Trong các nodes có lable ""CAREER"" ở gần với node ""PHÂN TÍCH DỮ LIỆU"", chọn các ""CAREER"" không cần hoặc ít dùng tới lập trình",
q010,Nghề lập trình game có áp lực không,single_hop,"Nghề lập trình game có thể có áp lực, đặc biệt là trong việc đáp ứng các yêu cầu về kỹ năng và sáng tạo. Để thành công trong lĩnh vực này, bạn cần có các kỹ năng như sáng tạo và tư duy logic, kỹ năng lập trình, và kỹ năng giải quyết vấn đề.
Nếu bạn quan tâm đến việc học tập trong lĩnh vực này, có thể tham khảo môn học công nghệ đa phương tiện (mã môn: CNTT1149) để trang bị kiến thức cần thiết cho nghề lập trình game.",LẬP TRÌNH GAME; KỸ NĂNG GIẢI QUYẾT VẤN ĐỀ; KỸ NĂNG LẬP TRÌNH; TOÁN HỌC VÀ VẬT LÝ; SÁNG TẠO VÀ TƯ DUY LOGIC; MÁY TÍNH & KHOA HỌC THÔNG TIN; MỸ THUẬT ĐA PHƯƠNG TIỆN; KỸ NĂNG QUẢN LÝ THỜI GIAN; KỸ NĂNG GIAO TIẾP VÀ THUYẾT TRÌNH,4:faea6990-b4df-4778-b420-d71faa741085:301; 4:faea6990-b4df-4778-b420-d71faa741085:238; 4:faea6990-b4df-4778-b420-d71faa741085:305; 4:faea6990-b4df-4778-b420-d71faa741085:306; 4:faea6990-b4df-4778-b420-d71faa741085:307; 4:faea6990-b4df-4778-b420-d71faa741085:303; 4:faea6990-b4df-4778-b420-d71faa741085:304; 4:faea6990-b4df-4778-b420-d71faa741085:1099; 4:faea6990-b4df-4778-b420-d71faa741085:288,LẬP TRÌNH GAME,,,CAR-Lập trình game,Quybui,,
q011,Làm Data Analyst thì cần những kỹ năng gì?,global,"Để trở thành một data analyst, bạn cần trang bị cho mình một số kỹ năng quan trọng như sau:
Phân tích dữ liệu
Sử dụng các công cụ thống kê và truy vấn
Ngôn ngữ lập trình
Công cụ trực quan hóa
Kiến thức về toán học, thống kê và khai phá dữ liệu
Kỹ năng quan sát, tư duy logic và phân tích
Kỹ năng giao tiếp và diễn giải dữ liệu
Giải quyết vấn đề và làm việc nhóm
Quản lý thời gian và tổ chức công việc
Những kỹ năng này sẽ giúp bạn thực hiện tốt công việc của một data analyst. Chúc bạn thành công!","SỬ DỤNG CÁC CÔNG CỤ THỐNG KÊ VÀ TRUY VẤN; NGÔN NGỮ LẬP TRÌNH; CÔNG CỤ TRỰC QUAN HÓA; KIẾN THỨC VỀ TOÁN HỌC, THỐNG KÊ VÀ KHAI PHÁ DỮ LIỆU; KỸ NĂNG QUAN SÁT, TƯ DUY LOGIC VÀ PHÂN TÍCH; KỸ NĂNG GIAO TIẾP VÀ DIỄN GIẢI DỮ LIỆU; GIẢI QUYẾT VẤN ĐỀ VÀ LÀM VIỆC NHÓM.",4:faea6990-b4df-4778-b420-d71faa741085:245; 4:faea6990-b4df-4778-b420-d71faa741085:246; 4:faea6990-b4df-4778-b420-d71faa741085:247; 4:faea6990-b4df-4778-b420-d71faa741085:248; 4:faea6990-b4df-4778-b420-d71faa741085:249; 4:faea6990-b4df-4778-b420-d71faa741085:250; 4:faea6990-b4df-4778-b420-d71faa741085:251,,,7; 10; 16; 19; 22,SYL-Phân tích dữ liệu lớn_TKKD1127; SYL-Phân tích dữ liệu_TKKT1124; CAR-Data Analyst,Quybui,,
q012,học môn gì để có thể ra trường làm lập trình viên,multi_hop,"Để trở thành lập trình viên, bạn nên học các môn sau đây:
Lập trình java - Mã môn: CNTT1153
Lập trình python - Mã môn: CNTT1180
Lập trình hướng đối tượng - Mã môn: CNTT1131
Phân tích và thiết kế hệ thống - Mã môn: CNTT1117
Hệ quản trị cơ sở dữ liệu - Mã môn: CNTT1152
Phát triển ứng dụng di động - Mã môn: CNTT1157
Lập trình web - Mã môn: CNTT1188",KHÓA LUẬN TỐT NGHIỆP; CHUYÊN ĐỀ THỰC TẾ; QUẢN TRỊ THƯƠNG HIỆU; KIỂM SOÁT NỘI BỘ; KHOÁ LUẬN TỐT NGHIỆP; QUẢN TRỊ ĐA VĂN HÓA; PHÁP LUẬT KINH DOANH QUỐC TẾ; TIN HỌC ĐẠI CƯƠNG,4:faea6990-b4df-4778-b420-d71faa741085:2754; 4:faea6990-b4df-4778-b420-d71faa741085:1023; 4:faea6990-b4df-4778-b420-d71faa741085:130; 4:faea6990-b4df-4778-b420-d71faa741085:3568; 4:faea6990-b4df-4778-b420-d71faa741085:2569; 4:faea6990-b4df-4778-b420-d71faa741085:3591; 4:faea6990-b4df-4778-b420-d71faa741085:4128; 4:faea6990-b4df-4778-b420-d71faa741085:735,LẬP TRÌNH VIÊN; KHOA HỌC MÁY TÍNH; CÔNG NGHỆ THÔNG TIN,2,,CAR-Lập trình viên; CUR-CTĐT ngành Công nghệ thông tin; CUR-CTĐT ngành Khoa học máy tính,Quybui,"Các nodes có label ""CAREER""  gần với node ""CÔNG NGHỆ THÔNG TIN"" và ""KHOA HỌC MÁY TÍNH""",
q013,Nghề Data Analyst có yêu cầu kỹ năng giao tiếp không?,global,"Nghề data analyst yêu cầu kỹ năng giao tiếp, cụ thể là ""kỹ năng giao tiếp và diễn giải dữ liệu"". Kỹ năng này rất quan trọng để bạn có thể truyền đạt thông tin và phân tích dữ liệu một cách hiệu quả.

","KỸ NĂNG LÀM VIỆC NHÓM; KỸ NĂNG GIAO TIẾP; NĂNG LỰC TỰ NGHIÊN CỨU; CHỦ ĐỘNG TRONG TRÌNH BÀY KẾT QUẢ NGHIÊN CỨU; NĂNG LỰC TỰ CHỦ VÀ TRÁCH NHIỆM; KỸ NĂNG TRÌNH BÀY; CÓ NĂNG LỰC TỰ NGHIÊN CỨU, TÍCH LŨY VÀ NÂNG CAO KIẾN THỨC; SỬ DỤNG CÁC CÔNG CỤ THỐNG KÊ VÀ TRUY VẤN; NGÔN NGỮ LẬP TRÌNH; CÔNG CỤ TRỰC QUAN HÓA; KIẾN THỨC VỀ TOÁN HỌC, THỐNG KÊ VÀ KHAI PHÁ DỮ LIỆU; KỸ NĂNG QUAN SÁT, TƯ DUY LOGIC VÀ PHÂN TÍCH; KỸ NĂNG GIAO TIẾP VÀ DIỄN GIẢI DỮ LIỆU; GIẢI QUYẾT VẤN ĐỀ VÀ LÀM VIỆC NHÓM; QUẢN LÝ THỜI GIAN VÀ TỔ CHỨC CÔNG VIỆC; QUẢN LÝ THỜI GIAN; KIẾN THỨC CƠ BẢN VỀ DOANH NGHIỆP; VẬN DỤNG KỸ NĂNG LÀM VIỆC NHÓM; KỸ NĂNG PHÂN TÍCH, TỔNG HỢP THÔNG TIN; KỸ NĂNG VẬN DỤNG KIẾN THỨC PHÁP LÝ",4:faea6990-b4df-4778-b420-d71faa741085:311; 4:faea6990-b4df-4778-b420-d71faa741085:237; 4:faea6990-b4df-4778-b420-d71faa741085:497; 4:faea6990-b4df-4778-b420-d71faa741085:2481; 4:faea6990-b4df-4778-b420-d71faa741085:2980; 4:faea6990-b4df-4778-b420-d71faa741085:4133; 4:faea6990-b4df-4778-b420-d71faa741085:4149; 4:faea6990-b4df-4778-b420-d71faa741085:245; 4:faea6990-b4df-4778-b420-d71faa741085:246; 4:faea6990-b4df-4778-b420-d71faa741085:247; 4:faea6990-b4df-4778-b420-d71faa741085:248; 4:faea6990-b4df-4778-b420-d71faa741085:249; 4:faea6990-b4df-4778-b420-d71faa741085:250; 4:faea6990-b4df-4778-b420-d71faa741085:251; 4:faea6990-b4df-4778-b420-d71faa741085:252; 4:faea6990-b4df-4778-b420-d71faa741085:486; 4:faea6990-b4df-4778-b420-d71faa741085:4168; 4:faea6990-b4df-4778-b420-d71faa741085:4148; 4:faea6990-b4df-4778-b420-d71faa741085:4139; 4:faea6990-b4df-4778-b420-d71faa741085:496,,,5; 9; 14; 15; 16,CAR-Data Analyst,Quybui,,
q015,Ai dạy môn lập trình java?,single_hop,"Môn LẬP TRÌNH JAVA (mã môn: CNTT1153) được giảng dạy bởi các giảng viên sau:
1. THS. PHẠM THẢO
2. TS. PHẠM XUÂN LÂM",THIẾT KẾ WEB; LẬP TRÌNH JAVA; CƠ SỞ LẬP TRÌNH; NHẬP MÔN CÔNG NGHỆ THÔNG TIN; LẬP TRÌNH PYTHON; LẬP TRÌNH WEB; PHÁT TRIỂN ỨNG DỤNG DI ĐỘNG; AN TOÀN THÔNG TIN; KHOA HỌC MÁY TÍNH; THS. PHẠM THẢO; TS. PHẠM XUÂN LÂM,4:faea6990-b4df-4778-b420-d71faa741085:509; 4:faea6990-b4df-4778-b420-d71faa741085:510; 4:faea6990-b4df-4778-b420-d71faa741085:512; 4:faea6990-b4df-4778-b420-d71faa741085:513; 4:faea6990-b4df-4778-b420-d71faa741085:514; 4:faea6990-b4df-4778-b420-d71faa741085:519; 4:faea6990-b4df-4778-b420-d71faa741085:520; 4:faea6990-b4df-4778-b420-d71faa741085:508; 4:faea6990-b4df-4778-b420-d71faa741085:507; 4:faea6990-b4df-4778-b420-d71faa741085:502; 4:faea6990-b4df-4778-b420-d71faa741085:503,LẬP TRÌNH JAVA,,,SYL-LẬP TRÌNH JAVA_CNTT1153,Quybui,,
q016,Tuần 4 trong kế hoạch dạy học của môn Lập trình web học gì?,single_hop,"Trong tuần 4 của môn LẬP TRÌNH WEB (mã môn: CNTT1188), bạn sẽ học về các khái niệm và kỹ thuật liên quan đến thiết kế và phát triển ứng dụng web. Môn học này giúp bạn nắm vững các công nghệ và công cụ cần thiết để xây dựng các trang web và ứng dụng trực tuyến hiệu quả.",LẬP TRÌNH WEB; THIẾT KẾ VÀ LẬP TRÌNH WEB; THIẾT KẾ WEB; CƠ SỞ LẬP TRÌNH,4:faea6990-b4df-4778-b420-d71faa741085:112; 4:faea6990-b4df-4778-b420-d71faa741085:13; 4:faea6990-b4df-4778-b420-d71faa741085:111; 4:faea6990-b4df-4778-b420-d71faa741085:197,LẬP TRÌNH WEB,,,SYL-LẬP TRÌNH WEB_CNTT1188,Quybui,,
q017,Ngành Khoa học máy tính gồm những môn gì?,single_hop,"Danh sách các môn học ngành KHOA HỌC MÁY TÍNH (mã ngành: 7480101) đã được làm sạch:
ĐẠI SỐ (mã môn: TOCB1101)
CHỦ NGHĨA XÃ HỘI KHOA HỌC (mã môn: LLNL1107)
NHẬP MÔN CÔNG NGHỆ THÔNG TIN (mã môn: CNTT1116)
TIẾNG ANH CHUYÊN NGÀNH (mã môn: CNTT1192)
VẬT LÝ ĐẠI CƯƠNG (mã môn: CNTT1191)
HỆ QUẢN TRỊ CƠ SỞ DỮ LIỆU (mã môn: CNTT1152)
AN TOÀN VÀ BẢO MẬT THÔNG TIN (mã môn: CNTT1168)
......",CHUYÊN ĐỀ THỰC TẾ; ĐẠI SỐ; PHÁP LUẬT ĐẠI CƯƠNG; CHỦ NGHĨA XÃ HỘI KHOA HỌC; KINH TẾ VI MÔ 1; PHÂN TÍCH VÀ THIẾT KẾ HỆ THỐNG; LÝ THUYẾT XÁC SUẤT VÀ THỐNG KÊ TOÁN; TIẾNG ANH CHUYÊN NGÀNH; HỌC MÁY; TRIẾT HỌC MÁC - LÊNIN; LỊCH SỬ ĐẢNG CỘNG SẢN VIỆT NAM; VẬT LÝ ĐẠI CƯƠNG; TƯ TƯỞNG HỒ CHÍ MINH; KINH TẾ CHÍNH TRỊ MÁC - LÊNIN; KINH TẾ VĨ MÔ 1; THIẾT KẾ WEB; PHÂN TÍCH VÀ THIẾT KẾ THUẬT TOÁN; NHẬP MÔN CÔNG NGHỆ THÔNG TIN; LẬP TRÌNH PYTHON; KHÓA LUẬN TỐT NGHIỆP,4:faea6990-b4df-4778-b420-d71faa741085:110; 4:faea6990-b4df-4778-b420-d71faa741085:108; 4:faea6990-b4df-4778-b420-d71faa741085:34; 4:faea6990-b4df-4778-b420-d71faa741085:31; 4:faea6990-b4df-4778-b420-d71faa741085:35; 4:faea6990-b4df-4778-b420-d71faa741085:7; 4:faea6990-b4df-4778-b420-d71faa741085:109; 4:faea6990-b4df-4778-b420-d71faa741085:8; 4:faea6990-b4df-4778-b420-d71faa741085:451; 4:faea6990-b4df-4778-b420-d71faa741085:29; 4:faea6990-b4df-4778-b420-d71faa741085:106; 4:faea6990-b4df-4778-b420-d71faa741085:91; 4:faea6990-b4df-4778-b420-d71faa741085:107; 4:faea6990-b4df-4778-b420-d71faa741085:30; 4:faea6990-b4df-4778-b420-d71faa741085:36; 4:faea6990-b4df-4778-b420-d71faa741085:111; 4:faea6990-b4df-4778-b420-d71faa741085:15; 4:faea6990-b4df-4778-b420-d71faa741085:90; 4:faea6990-b4df-4778-b420-d71faa741085:12; 4:faea6990-b4df-4778-b420-d71faa741085:2615,KHOA HỌC MÁY TÍNH,,,CUR-CTĐT ngành Khoa học máy tính,Quybui,,
q018,Môn Trí tuệ nhân tạo dạy những kiến thức gì?,single_hop,"Môn TRÍ TUỆ NHÂN TẠO (mã môn: CNTT1140) cung cấp cho bạn những kiến thức về các phương pháp và kỹ thuật trong lĩnh vực trí tuệ nhân tạo. Bạn sẽ được học cách xây dựng các hệ thống có khả năng học hỏi và ra quyết định dựa trên dữ liệu, cũng như các ứng dụng thực tiễn của trí tuệ nhân tạo trong nhiều lĩnh vực khác nhau.
Môn học này cũng giúp phát triển các kỹ năng quan trọng như phân tích và thiết kế hệ thống, lập trình, và quản lý dự án công nghệ thông tin. Những kỹ năng này sẽ hỗ trợ bạn trong việc theo đuổi các nghề nghiệp liên quan đến công nghệ thông tin và trí tuệ nhân tạo.",TRÍ TUỆ NHÂN TẠO; HỌC MÁY; MẠNG KẾT NỐI VẠN VẬT; ỨNG DỤNG TRÍ TUỆ NHÂN TẠO TRONG KINH DOANH VÀ QUẢN LÝ; CƠ SỞ LẬP TRÌNH; THIẾT KẾ WEB; PHÂN TÍCH VÀ THIẾT KẾ HỆ THỐNG; PHÂN TÍCH VÀ THIẾT KẾ THUẬT TOÁN; NHẬP MÔN CÔNG NGHỆ THÔNG TIN; LẬP TRÌNH PYTHON; CHUYÊN ĐỀ THỰC TẾ NGÀNH CÔNG NGHỆ THÔNG TIN; CHUYÊN ĐỀ THỰC TẾ NGÀNH AN TOÀN THÔNG TIN; CHUYÊN ĐỀ THỰC TẾ NGÀNH KHOA HỌC MÁY TÍNH; AN TOÀN VÀ BẢO MẬT THÔNG TIN; BLOCKCHAIN VÀ ỨNG DỤNG; BẢO MẬT DỊCH VỤ ĐÁM MÂY; HỆ ĐIỀU HÀNH UNIX; PHÁT TRIỂN PHẦN MỀM HƯỚNG DỊCH VỤ,4:cf4ca2e2-0715-4f09-bc7e-42ae91807507:22; 4:faea6990-b4df-4778-b420-d71faa741085:451; 4:faea6990-b4df-4778-b420-d71faa741085:20; 4:faea6990-b4df-4778-b420-d71faa741085:747; 4:faea6990-b4df-4778-b420-d71faa741085:197; 4:faea6990-b4df-4778-b420-d71faa741085:111; 4:faea6990-b4df-4778-b420-d71faa741085:7; 4:faea6990-b4df-4778-b420-d71faa741085:15; 4:faea6990-b4df-4778-b420-d71faa741085:90; 4:faea6990-b4df-4778-b420-d71faa741085:12; 4:faea6990-b4df-4778-b420-d71faa741085:1401; 4:faea6990-b4df-4778-b420-d71faa741085:9; 4:faea6990-b4df-4778-b420-d71faa741085:1417; 4:faea6990-b4df-4778-b420-d71faa741085:113; 4:faea6990-b4df-4778-b420-d71faa741085:24; 4:faea6990-b4df-4778-b420-d71faa741085:18; 4:faea6990-b4df-4778-b420-d71faa741085:5; 4:faea6990-b4df-4778-b420-d71faa741085:117,TRÍ TUỆ NHÂN TẠO,,,,Quybui,,
q019,Ngành Công nghệ thông tin học về lĩnh vực nào?,multi_hop,"Ngành Công nghệ thông tin (mã ngành: 7480201) học về lĩnh vực ứng dụng công nghệ thông tin trong quản lý và phát triển hệ thống thông tin. Một số môn học tiêu biểu trong chương trình đào tạo bao gồm:
Nhập môn Công nghệ thông tin (mã môn: CNTT1116)
Khóa luận tốt nghiệp (mã môn: CNTT1194)
Phát triển ứng dụng di động (mã môn: CNTT1157)
Hệ quản trị cơ sở dữ liệu (mã môn: CNTT1152)
Ngành này cũng hướng đến các nghề nghiệp như kỹ sư phần mềm và lập trình viên.",KHÓA LUẬN TỐT NGHIỆP; PHÂN TÍCH VÀ THIẾT KẾ HỆ THỐNG; TIẾNG ANH CHUYÊN NGÀNH; MẠNG KẾT NỐI VẠN VẬT; VẬT LÝ ĐẠI CƯƠNG; NHẬP MÔN CÔNG NGHỆ THÔNG TIN; HỆ QUẢN TRỊ CƠ SỞ DỮ LIỆU; CƠ SỞ DỮ LIỆU; LẬP TRÌNH HƯỚNG ĐỐI TƯỢNG; QUẢN LÝ DỰ ÁN CÔNG NGHỆ THÔNG TIN; KHÓA LUẬN TỐT NGHIỆP NGÀNH CÔNG NGHỆ THÔNG TIN; PHÁT HIỆN TRI THỨC TỪ DỮ LIỆU; PHÁT TRIỂN ỨNG DỤNG DI ĐỘNG; CÁC CÔNG NGHỆ ẢO HÓA; MẠNG MÁY TÍNH VÀ TRUYỀN SỐ LIỆU; CÁC CÔNG NGHỆ HIỆN ĐẠI TRONG CNTT; ĐIỆN TOÁN ĐÁM MÂY; CÔNG NGHỆ ĐA PHƯƠNG TIỆN; CƠ SỞ LẬP TRÌNH; QUẢN TRỊ MẠNG,4:faea6990-b4df-4778-b420-d71faa741085:2615; 4:faea6990-b4df-4778-b420-d71faa741085:7; 4:faea6990-b4df-4778-b420-d71faa741085:8; 4:faea6990-b4df-4778-b420-d71faa741085:20; 4:faea6990-b4df-4778-b420-d71faa741085:91; 4:faea6990-b4df-4778-b420-d71faa741085:90; 4:faea6990-b4df-4778-b420-d71faa741085:4; 4:faea6990-b4df-4778-b420-d71faa741085:92; 4:faea6990-b4df-4778-b420-d71faa741085:94; 4:faea6990-b4df-4778-b420-d71faa741085:19; 4:faea6990-b4df-4778-b420-d71faa741085:461; 4:faea6990-b4df-4778-b420-d71faa741085:96; 4:faea6990-b4df-4778-b420-d71faa741085:103; 4:faea6990-b4df-4778-b420-d71faa741085:102; 4:faea6990-b4df-4778-b420-d71faa741085:3; 4:faea6990-b4df-4778-b420-d71faa741085:100; 4:faea6990-b4df-4778-b420-d71faa741085:99; 4:faea6990-b4df-4778-b420-d71faa741085:97; 4:faea6990-b4df-4778-b420-d71faa741085:197; 4:faea6990-b4df-4778-b420-d71faa741085:6,CÔNG NGHỆ THÔNG TIN,,,CUR-CTĐT ngành Công nghệ thông tin,Quybui,,
q020,Nghề Tester yêu cầu những kỹ năng gì và phù hợp với sinh viên ngành nào?,global,"Nghề Tester yêu cầu một số kỹ năng quan trọng như:
Tỉ mỉ, chú ý đến chi tiết.
Kỹ năng làm việc nhóm.
Kỹ năng giao tiếp.
Hiểu biết về đặc thù ngành nghề kinh doanh của doanh nghiệp.
Nắm vững vòng đời phát triển hệ thống.
Có tư duy phân tích.
Thành thạo các công cụ kiểm thử.",TESTER,4:cf4ca2e2-0715-4f09-bc7e-42ae91807507:340,,,0; 2; 7; 9; 10; 13; 14; 16; 18,CAR-Tester,Quybui,"Các nodes có label ""SKILL"" liên kết với node ""TESTER""",
q021,Ngành học nào giúp sinh viên phát triển kĩ năng lập trình?,multi_hop,"Ngành Công nghệ thông tin và Khoa học máy tính là hai ngành giúp sinh viên phát triển kỹ năng lập trình tốt nhất.
Các ngành này tập trung vào học lập trình, thuật toán, cấu trúc dữ liệu và phát triển phần mềm thông qua nhiều môn học thực hành như C/C++, Java, Python và lập trình web. Ngoài ra, các ngành như Kỹ thuật phần mềm và Hệ thống thông tin cũng giúp sinh viên rèn luyện kỹ năng lập trình thông qua các dự án và bài tập thực tế.",CÔNG NGHỆ THÔNG TIN; HỆ THỐNG THÔNG TIN QUẢN LÝ; CƠ SỞ DỮ LIỆU; PHÁT TRIỂN CÁC ỨNG DỤNG WEB; KỸ NGHỆ PHẦN MỀM,4:faea6990-b4df-4778-b420-d71faa741085:89; 4:faea6990-b4df-4778-b420-d71faa741085:733; 4:faea6990-b4df-4778-b420-d71faa741085:92; 4:faea6990-b4df-4778-b420-d71faa741085:550; 4:faea6990-b4df-4778-b420-d71faa741085:741,KỸ NĂNG LẬP TRÌNH; CÔNG NGHỆ THÔNG TIN: KHOA HỌC MÁY TÍNH,2,,CAR-Lập trình game; CUR-CTĐT ngành Công nghệ thông tin; CUR-CTĐT ngành Khoa học máy tính,Quybui,,
q022,Nghề lập trình game học có khó không,multi_hop,"Nghề lập trình game có thể được coi là khó khăn, vì nó yêu cầu nhiều kỹ năng khác nhau. Cụ thể, bạn cần có:
Kỹ năng lập trình - Đây là kỹ năng cơ bản và quan trọng nhất trong nghề lập trình game.
Sáng tạo và tư duy logic - Bạn cần có khả năng sáng tạo để thiết kế các trò chơi hấp dẫn và tư duy logic để giải quyết các vấn đề phát sinh trong quá trình lập trình.
Toán học và vật lý - Nhiều trò chơi yêu cầu kiến thức về toán học và vật lý để tạo ra các chuyển động và tương tác trong game.
Kỹ năng giải quyết vấn đề - Bạn sẽ thường xuyên phải đối mặt với các vấn đề kỹ thuật và cần có khả năng tìm ra giải pháp hiệu quả.
Nếu bạn quan tâm đến ngành học liên quan, có thể tham khảo môn học công nghệ đa phương tiện với mã môn CNTT1149. Ngành này sẽ giúp bạn trang bị những kiến thức cần thiết để theo đuổi nghề lập trình game.",LẬP TRÌNH GAME; SÁNG TẠO VÀ TƯ DUY LOGIC; KỸ NĂNG LẬP TRÌNH,"4:cf4ca2e2-0715-4f09-bc7e-42ae91807507:311; 4:faea6990-b4df-4778-b420-d71faa741085:307; 
4:faea6990-b4df-4778-b420-d71faa741085:305

",LẬP TRÌNH GAME; SÁNG TẠO VÀ TƯ DUY LOGIC; KỸ NĂNG LẬP TRÌNH,2,,CAR-Lập trình game,Quybui,,
q023,Học công nghệ thông tin ở neu có ưu điểm gì không,global,"Học Công nghệ thông tin tại Đại học Kinh tế Quốc dân (mã ngành: 7480201) có nhiều ưu điểm nổi bật. Chương trình đào tạo cung cấp cho sinh viên những kiến thức vững chắc về các lĩnh vực như phát triển ứng dụng di động (mã môn: CNTT1157), hệ quản trị cơ sở dữ liệu (mã môn: CNTT1152), và lập trình hướng đối tượng (mã môn: CNTT1131).
Ngoài ra, sinh viên còn được trang bị những kỹ năng cần thiết cho nghề nghiệp như kỹ năng giao tiếp và khả năng phân tích, thiết kế hệ thống. Các cơ hội nghề nghiệp sau khi tốt nghiệp rất đa dạng, bao gồm vị trí kỹ sư phần mềm và lập trình viên.
Chương trình học cũng chú trọng đến các công nghệ hiện đại trong lĩnh vực CNTT, giúp sinh viên nắm bắt xu hướng và phát triển kỹ năng phù hợp với yêu cầu của thị trường lao động.",CÔNG NGHỆ THÔNG TIN; NHẬP MÔN CÔNG NGHỆ THÔNG TIN; PHÂN TÍCH VÀ THIẾT KẾ HỆ THỐNG; LẬP TRÌNH HƯỚNG ĐỐI TƯỢNG; HỆ QUẢN TRỊ CƠ SỞ DỮ LIỆU; QUẢN LÝ DỰ ÁN CÔNG NGHỆ THÔNG TIN; DATA ANALYST; TESTER; KIỂM THỬ TỰ ĐỘNG,4:faea6990-b4df-4778-b420-d71faa741085:89; 4:faea6990-b4df-4778-b420-d71faa741085:90; 4:faea6990-b4df-4778-b420-d71faa741085:7; 4:faea6990-b4df-4778-b420-d71faa741085:94; 4:faea6990-b4df-4778-b420-d71faa741085:4; 4:faea6990-b4df-4778-b420-d71faa741085:19; 4:faea6990-b4df-4778-b420-d71faa741085:241; 4:faea6990-b4df-4778-b420-d71faa741085:330; 4:faea6990-b4df-4778-b420-d71faa741085:215,,,19; 4; 5,CUR-CTĐT ngành Công nghệ thông tin,Quybui,,
q024,Nên chọn ngành an toàn thông tin hay kỹ thuật phần mềm nếu em giỏi giao tiếp hơn lập trình,global,"Nếu bạn giỏi giao tiếp hơn, ngành an toàn thông tin (mã ngành: 7480202) có thể là lựa chọn tốt hơn so với kỹ thuật phần mềm (mã ngành: 7480103).
Ngành an toàn thông tin cung cấp nhiều môn học liên quan đến giao tiếp và quản lý như ""quản lý dự án công nghệ thông tin"" và ""pháp luật trong thương mại điện tử"". Những môn học này không chỉ giúp bạn phát triển kỹ năng chuyên môn mà còn nâng cao khả năng giao tiếp và quản lý dự án.
Trong khi đó, kỹ thuật phần mềm thường tập trung nhiều hơn vào các khía cạnh kỹ thuật và lập trình, có thể không phù hợp với sở trường giao tiếp của bạn.
Vì vậy, với khả năng giao tiếp tốt, ngành an toàn thông tin có thể mang lại nhiều cơ hội nghề nghiệp hơn cho bạn.",KHOA HỌC MÁY TÍNH; AN TOÀN THÔNG TIN; CÔNG NGHỆ THÔNG TIN; KỸ THUẬT PHẦN MỀM; KHÓA LUẬN TỐT NGHIỆP; PHÂN TÍCH VÀ THIẾT KẾ HỆ THỐNG; TIẾNG ANH CHUYÊN NGÀNH; MẠNG KẾT NỐI VẠN VẬT; DATA ENGINEER; PHÂN TÍCH VÀ THIẾT KẾ THUẬT TOÁN; LẬP TRÌNH PYTHON; HỆ QUẢN TRỊ CƠ SỞ DỮ LIỆU; KIỂM THỬ TỰ ĐỘNG; CHUYÊN ĐỀ THỰC TẾ NGÀNH AN TOÀN THÔNG TIN; LẬP TRÌNH JAVA; TESTER; QUẢN LÝ DỰ ÁN CÔNG NGHỆ THÔNG TIN; AN NINH KHÔNG GIAN MẠNG; KHÓA LUẬN TỐT NGHIỆP NGÀNH CÔNG NGHỆ THÔNG TIN; BLOCKCHAIN VÀ ỨNG DỤNG,4:faea6990-b4df-4778-b420-d71faa741085:105; 4:faea6990-b4df-4778-b420-d71faa741085:1; 4:faea6990-b4df-4778-b420-d71faa741085:89; 4:faea6990-b4df-4778-b420-d71faa741085:159; 4:faea6990-b4df-4778-b420-d71faa741085:2576; 4:faea6990-b4df-4778-b420-d71faa741085:7; 4:faea6990-b4df-4778-b420-d71faa741085:8; 4:faea6990-b4df-4778-b420-d71faa741085:20; 4:faea6990-b4df-4778-b420-d71faa741085:254; 4:faea6990-b4df-4778-b420-d71faa741085:15; 4:faea6990-b4df-4778-b420-d71faa741085:12; 4:faea6990-b4df-4778-b420-d71faa741085:4; 4:faea6990-b4df-4778-b420-d71faa741085:215; 4:faea6990-b4df-4778-b420-d71faa741085:9; 4:faea6990-b4df-4778-b420-d71faa741085:14; 4:faea6990-b4df-4778-b420-d71faa741085:330; 4:faea6990-b4df-4778-b420-d71faa741085:19; 4:faea6990-b4df-4778-b420-d71faa741085:23; 4:faea6990-b4df-4778-b420-d71faa741085:461; 4:faea6990-b4df-4778-b420-d71faa741085:24,,,5; 8; 13; 18; 19,CUR-CTĐT ngành Kỹ thuât phần mềm; SYL-An toàn và bảo mật thông tin_CNTT1168,Quybui,,
q025,Môn chủ nghĩa xã hội khoa học là học về gì?,single_hop,"Môn Chủ nghĩa xã hội khoa học (mã môn: LLNL1107) học về các quan điểm cơ bản của chủ nghĩa Mác - Lênin, bao gồm kiến thức về chủ nghĩa xã hội, nhận thức đầy đủ và đúng bản chất của nền dân chủ xã hội chủ nghĩa, cũng như khả năng tự học tập và làm việc độc lập. Môn học này cũng cung cấp những phương pháp luận và phương pháp chuyên ngành cần thiết trong lĩnh vực này.",CHỦ NGHĨA XÃ HỘI KHOA HỌC; KHẢ NĂNG LÀM VIỆC ĐỘC LẬP VÀ THEO NHÓM; KIẾN THỨC CƠ BẢN VỀ CHỦ NGHĨA XÃ HỘI; QUAN ĐIỂM CƠ BẢN CHỦ NGHĨA MÁC – LÊNIN VỀ GIA CẤP CÔNG NHÂN; NHẬN THỨC ĐẦY ĐỦ VÀ ĐÚNG BẢN CHẤT CỦA NỀN DÂN CHỦ XÃ HỘI CHỦ NGHĨA,4:faea6990-b4df-4778-b420-d71faa741085:31; 4:faea6990-b4df-4778-b420-d71faa741085:394; 4:faea6990-b4df-4778-b420-d71faa741085:31; 4:faea6990-b4df-4778-b420-d71faa741085:31; 4:faea6990-b4df-4778-b420-d71faa741085:31,CHỦ NGHĨA XÃ HỘI KHOA HỌC; KHẢ NĂNG LÀM VIỆC ĐỘC LẬP VÀ THEO NHÓM; KIẾN THỨC CƠ BẢN VỀ CHỦ NGHĨA XÃ HỘI; QUAN ĐIỂM CƠ BẢN CHỦ NGHĨA MÁC – LÊNIN VỀ GIA CẤP CÔNG NHÂN; NHẬN THỨC ĐẦY ĐỦ VÀ ĐÚNG BẢN CHẤT CỦA NỀN DÂN CHỦ XÃ HỘI CHỦ NGHĨA,,,SYL-Chủ nghĩa xã hội khoa học_LLNL1107,Quybui,,
q026,Kỹ năng giải quyết vấn đề dùng trong nghề nào?,single_hop,"Kỹ năng giải quyết vấn đề được yêu cầu trong một số nghề nghiệp như:

1. KẾ TOÁN QUẢN TRỊ
2. DATA ANALYST
3. TESTER
4. KỸ SƯ PHẦN MỀM
5. NHÂN VIÊN KINH DOANH TIẾNG TRUNG
6. LẬP TRÌNH GAME
7. NHÂN VIÊN TRIỂN KHAI PHẦN MỀM
8. CUSTOMER SUCCESS",KỸ NĂNG GIẢI QUYẾT VẤN ĐỀ,4:e50f6803-558c-4cc6-8924-1389cdd81472:569,KỸ NĂNG GIẢI QUYẾT VẤN ĐỀ,,,,Quybui,,
q027,Môn CHỦ NGHĨA XÃ HỘI KHOA HỌC có mã môn là gì,single_hop,"Môn ""CHỦ NGHĨA XÃ HỘI KHOA HỌC"" có mã môn là LLNL1107.",CHỦ NGHĨA XÃ HỘI KHOA HỌC,4:faea6990-b4df-4778-b420-d71faa741085:31,CHỦ NGHĨA XÃ HỘI KHOA HỌC,,,,Quybui,,
q028,Môn CHỦ NGHĨA XÃ HỘI KHOA HỌC cung cấp những kiến thức nào về chủ nghĩa xã hội và dân chủ xã hội chủ nghĩa,single_hop,"Môn CHỦ NGHĨA XÃ HỘI KHOA HỌC (mã môn: LLNL1107) cung cấp những kiến thức cơ bản về chủ nghĩa xã hội, bao gồm:

1. Nắm được kiến thức cơ bản về chủ nghĩa xã hội.
2. Nhận thức đầy đủ và đúng bản chất của nền dân chủ xã hội chủ nghĩa.
3. Nắm được những quan điểm cơ bản của chủ nghĩa Mác - Lênin về gia cấp công nhân.
4. Có khả năng tự học tập và làm việc độc lập cũng như theo nhóm.
5. Vận dụng phương pháp luận và các phương pháp chuyên ngành.

Những kiến thức này sẽ giúp sinh viên hiểu rõ hơn về lý thuyết và thực tiễn của chủ nghĩa xã hội và dân chủ xã hội chủ nghĩa.",CHỦ NGHĨA XÃ HỘI KHOA HỌC,4:e50f6803-558c-4cc6-8924-1389cdd81472:4,CHỦ NGHĨA XÃ HỘI KHOA HỌC,,,,Quybui,,
q029,Những môn học tiêu biểu của ngành CNTT,single_hop,"Ngành Công nghệ thông tin (7480201) tại Đại học Kinh tế Quốc dân cung cấp nhiều môn học đa dạng. Một số môn học tiêu biểu trong ngành này bao gồm:

- Nhập môn công nghệ thông tin 
- Cấu trúc dữ liệu và giải thuật 
- Lập trình hướng đối tượng 
- Thiết kế web 
- Phát triển ứng dụng di động 
- Trí tuệ nhân tạo 
- Điện toán đám mây 
- Mạng máy tính và truyền số liệu 
- Quản lý dự án công nghệ thông tin ",KHOA HỌC MÁY TÍNH; AN TOÀN THÔNG TIN; CÔNG NGHỆ THÔNG TIN; KỸ THUẬT PHẦN MỀM; KHÓA LUẬN TỐT NGHIỆP; PHÂN TÍCH VÀ THIẾT KẾ HỆ THỐNG; TIẾNG ANH CHUYÊN NGÀNH; MẠNG KẾT NỐI VẠN VẬT; DATA ENGINEER; PHÂN TÍCH VÀ THIẾT KẾ THUẬT TOÁN; LẬP TRÌNH PYTHON; HỆ QUẢN TRỊ CƠ SỞ DỮ LIỆU; KIỂM THỬ TỰ ĐỘNG; CHUYÊN ĐỀ THỰC TẾ NGÀNH AN TOÀN THÔNG TIN; LẬP TRÌNH JAVA; TESTER; QUẢN LÝ DỰ ÁN CÔNG NGHỆ THÔNG TIN; AN NINH KHÔNG GIAN MẠNG; KHÓA LUẬN TỐT NGHIỆP NGÀNH CÔNG NGHỆ THÔNG TIN; BLOCKCHAIN VÀ ỨNG DỤNG,4:faea6990-b4df-4778-b420-d71faa741085:105; 4:faea6990-b4df-4778-b420-d71faa741085:1; 4:faea6990-b4df-4778-b420-d71faa741085:89; 4:faea6990-b4df-4778-b420-d71faa741085:159; 4:faea6990-b4df-4778-b420-d71faa741085:2576; 4:faea6990-b4df-4778-b420-d71faa741085:7; 4:faea6990-b4df-4778-b420-d71faa741085:8; 4:faea6990-b4df-4778-b420-d71faa741085:20; 4:faea6990-b4df-4778-b420-d71faa741085:254; 4:faea6990-b4df-4778-b420-d71faa741085:15; 4:faea6990-b4df-4778-b420-d71faa741085:12; 4:faea6990-b4df-4778-b420-d71faa741085:4; 4:faea6990-b4df-4778-b420-d71faa741085:215; 4:faea6990-b4df-4778-b420-d71faa741085:9; 4:faea6990-b4df-4778-b420-d71faa741085:14; 4:faea6990-b4df-4778-b420-d71faa741085:330; 4:faea6990-b4df-4778-b420-d71faa741085:19; 4:faea6990-b4df-4778-b420-d71faa741085:23; 4:faea6990-b4df-4778-b420-d71faa741085:461; 4:faea6990-b4df-4778-b420-d71faa741085:24,KHOA HỌC MÁY TÍNH; AN TOÀN THÔNG TIN; CÔNG NGHỆ THÔNG TIN; KỸ THUẬT PHẦN MỀM; KHÓA LUẬN TỐT NGHIỆP; PHÂN TÍCH VÀ THIẾT KẾ HỆ THỐNG; TIẾNG ANH CHUYÊN NGÀNH; MẠNG KẾT NỐI VẠN VẬT; DATA ENGINEER; PHÂN TÍCH VÀ THIẾT KẾ THUẬT TOÁN; LẬP TRÌNH PYTHON; HỆ QUẢN TRỊ CƠ SỞ DỮ LIỆU; KIỂM THỬ TỰ ĐỘNG; CHUYÊN ĐỀ THỰC TẾ NGÀNH AN TOÀN THÔNG TIN; LẬP TRÌNH JAVA; TESTER; QUẢN LÝ DỰ ÁN CÔNG NGHỆ THÔNG TIN; AN NINH KHÔNG GIAN MẠNG; KHÓA LUẬN TỐT NGHIỆP NGÀNH CÔNG NGHỆ THÔNG TIN; BLOCKCHAIN VÀ ỨNG DỤNG,,,,Quybui,,
q030,mã môn của môn nhập môn công nghệ thông tin,single_hop,Mã môn của môn Nhập môn công nghệ thông tin là CNTT1116.,NHẬP MÔN CÔNG NGHỆ THÔNG TIN,4:a3ff579b-a612-47d7-8e04-08ddc9d83354:40,NHẬP MÔN CÔNG NGHỆ THÔNG TIN,,,,Quybui,,
q031,AN NINH MẠNG có quan trọng không,multi_hop,"An ninh mạng rất quan trọng vì liên quan đến việc phát hiện, phân tích và đánh giá các rủi ro của hệ thống mạng, đồng thời thiết kế, cài đặt và triển khai các giải pháp bảo vệ hệ thống trong thực tế.

Trong lĩnh vực này, các kỹ năng như phát hiện và đánh giá rủi ro hệ thống mạng, phát hiện và phân tích các cuộc tấn công mạng, cũng như vận dụng kiến thức an ninh mạng để xây dựng các giải pháp đảm bảo an toàn cho hệ thống mạng trong thực tế là những kỹ năng thiết yếu.",AN NINH MẠNG,4:faea6990-b4df-4778-b420-d71faa741085:186,AN NINH MẠNG,6,,,Quybui,,
q032,Những kỹ năng cần có để làm việc trong lĩnh vực AI,global,"Để làm việc trong lĩnh vực AI, bạn cần có các kỹ năng sau:
1. Có kỹ năng tìm kiếm, thu thập và phân tích thông tin — được cung cấp bởi môn ""Chuyên đề thực tế - Kinh tế và quản lý nguồn nhân lực (NLKT1117)"".
2. Tổ chức các bước trong việc thực hiện nghiên cứu liên quan đến chủ đề kinh tế nguồn nhân lực — cũng từ môn ""Chuyên đề thực tế - Kinh tế và quản lý nguồn nhân lực (NLKT1117)"".
3. Vận dụng lý thuyết để đánh giá và dự báo thay đổi trên thị trường lao động — từ môn ""Chuyên đề thực tế - Kinh tế và quản lý nguồn nhân lực (NLKT1117)"".      
4. Chủ động nâng cao khả năng tự học tập, tự nghiên cứu — được cung cấp bởi môn ""Chuyên đề thực tế - Kinh tế và quản lý nguồn nhân lực (NLKT1117)"".
5. Hiểu và khái quát các vấn đề thực tiễn liên quan đến kinh tế nguồn nhân lực — từ môn ""Chuyên đề thực tế - Kinh tế và quản lý nguồn nhân lực (NLKT1117)"".     
Những kỹ năng này sẽ giúp bạn phát triển trong lĩnh vực AI.",TRÍ TUỆ NHÂN TẠO,4:e50f6803-558c-4cc6-8924-1389cdd81472:58,,,1; 4,,Quybui,,
q033,Ngành Kế toán khác gì ngành Kiểm toán,multi_hop,"Ngành Kế toán và ngành Kiểm toán có những điểm khác biệt rõ rệt về cơ hội nghề nghiệp và môn học đặc trưng.
Ngành Kế toán thường liên quan đến việc ghi chép, phân tích và báo cáo các giao dịch tài chính của doanh nghiệp. 
Ngành Kiểm toán tập trung vào việc kiểm tra và xác nhận tính chính xác của các báo cáo tài chính, đảm bảo rằng các thông tin tài chính được trình bày một cách trung thực và hợp lý. 
Về cơ hội nghề nghiệp, sinh viên ngành Kế toán có thể làm việc trong các bộ phận kế toán của doanh nghiệp, trong khi sinh viên ngành Kiểm toán có thể làm việc tại các công ty kiểm toán hoặc các tổ chức tài chính.","KIẾN THỨC VỀ NGHỀ NGHIỆP KẾ TOÁN, ĐẠO ĐỨC NGHỀ NGHIỆP",4:e50f6803-558c-4cc6-8924-1389cdd81472:4509,"KIẾN THỨC VỀ NGHỀ NGHIỆP KẾ TOÁN, ĐẠO ĐỨC NGHỀ NGHIỆP",6,,,Quybui,,
q034,Lập trình web có cần đến an ninh mạng không ?,multi_hop,"Có, lập trình web cần đến các kỹ năng liên quan đến an ninh mạng. Người học cần biết vận dụng kiến thức về an ninh mạng để xây dựng các giải pháp bảo đảm an toàn cho hệ thống trong thực tế, đồng thời hiểu và áp dụng các phương pháp mật mã học trong lĩnh vực an ninh mạng. Bên cạnh đó, kỹ năng giải quyết vấn đề chuyên sâu, thiết kế, cài đặt và triển khai các giải pháp bảo mật cho hệ thống mạng cũng rất quan trọng.
Những kỹ năng này có thể được rèn luyện thông qua các môn học An ninh không gian mạng (CNTT1197) và An toàn và bảo mật thông tin (CNTT1168).",LẬP TRÌNH WEB,4:e50f6803-558c-4cc6-8924-1389cdd81472:143,LẬP TRÌNH WEB,6,,,Quybui,,
q035,Các nghề nghiệp phổ biến liên quan đến ngành Công nghệ thông tin là gì,multi_hop,"Các nghề nghiệp phổ biến trong ngành Công nghệ thông tin (CNTT) hiện nay bao gồm:
- NHÂN VIÊN TRIỂN KHAI PHẦN MỀM
- KỸ SƯ PHẦN MỀM
- LẬP TRÌNH GAME
- NHÂN VIÊN KINH DOANH TIẾNG TRUNG
- KẾ TOÁN QUẢN TRỊ",WEB,4:faea6990-b4df-4778-b420-d71faa741085:105; 4:faea6990-b4df-4778-b420-d71faa741085:1; 4:faea6990-b4df-4778-b420-d71faa741085:89; 4:faea6990-b4df-4778-b420-d71faa741085:159,WEB,6,,,Quybui,,
q036,Ngành Công nghệ thông tin có học trí tuệ nhân tạo không,multi_hop,Ngành Công nghệ thông tin (7480201) có học môn Trí tuệ nhân tạo (CNTT1140).,CÔNG NGHỆ THÔNG TIN; TRÍ TUỆ NHÂN TẠO,4:faea6990-b4df-4778-b420-d71faa741085:89; 4:a3ff579b-a612-47d7-8e04-08ddc9d83354:134,CÔNG NGHỆ THÔNG TIN; TRÍ TUỆ NHÂN TẠO,6,,,Quybui,,
q037,Ngành nào của NEU phù hợp với người thích kinh doanh,multi_hop,"Nếu bạn thích kinh doanh, có một số ngành tại NEU phù hợp với bạn:
1. Kinh doanh thương mại (7340121): Ngành này tập trung vào các hoạt động thương mại và chiến lược kinh doanh, với các môn học như ""Chuyên đề thực tế - Kinh doanh thương mại (TMKT1154)"" và ""Chiến lược kinh doanh của doanh nghiệp thương mại (TMKT1130)"".
2. Kinh doanh quốc tế (7340120): Ngành này sẽ giúp bạn hiểu về các hoạt động kinh doanh trên quy mô toàn cầu.
3. Kinh doanh nông nghiệp (7620114): Ngành này kết hợp giữa kinh doanh và nông nghiệp, phù hợp với những ai quan tâm đến lĩnh vực này.
4. Kinh tế và quản lý đô thị (7310101): Ngành này cung cấp kiến thức về kinh tế và quản lý trong bối cảnh đô thị.
Các ngành này đều có cơ hội nghề nghiệp tốt trong lĩnh vực kinh doanh. Bạn có thể tham khảo thêm thông tin từ tài liệu liên quan.",QUẢN TRỊ KINH DOANH,4:e50f6803-558c-4cc6-8924-1389cdd81472:644,QUẢN TRỊ KINH DOANH,6,,,Quybui,,
q038,Sự khác nhau giữa ngành Marketing và Thương mại điện tử là gì,multi_hop,"Sự khác nhau giữa Marketing và Thương mại điện tử có thể được thể hiện qua các môn học và cơ hội nghề nghiệp mà mỗi ngành mang lại.
1. Marketing (7340115):
   - Môn học đặc trưng: ""CHUYÊN ĐỀ THỰC TẾ - MARKETING"" (mã môn: TMQT1161).
   - Cơ hội nghề nghiệp: Các vị trí như ""MARKETING OFFLINE"".
2. Thương mại điện tử (7340122):
   - Môn học đặc trưng: ""THƯƠNG MẠI ĐIỆN TỬ"" (mã môn: TMQT1125).
   - Cơ hội nghề nghiệp: Các vị trí liên quan đến thương mại điện tử.
Tóm lại, Marketing tập trung vào các chiến lược tiếp thị và quảng bá sản phẩm, trong khi Thương mại điện tử chú trọng vào việc thực hiện giao dịch và kinh doanh qua mạng.",MARKETING; THƯƠNG MẠI ĐIỆN TỬ,4:a3ff579b-a612-47d7-8e04-08ddc9d83354:329; 4:a3ff579b-a612-47d7-8e04-08ddc9d83354:472,MARKETING; THƯƠNG MẠI ĐIỆN TỬ,6,,,Quybui,,
q039,Học sinh thích máy tính nên chọn ngành nào,multi_hop,Học sinh thích máy tính có thể chọn ngành Công nghệ thông tin hoặc Khoa học máy tính .,KHOA HỌC MÁY TÍNH;  CÔNG NGHỆ THÔNG TIN; ,4:faea6990-b4df-4778-b420-d71faa741085:105; 4:faea6990-b4df-4778-b420-d71faa741085:89,KHOA HỌC MÁY TÍNH;  CÔNG NGHỆ THÔNG TIN; ,6,,,Quybui,,
q040,Ngành nào học nhiều về quản lý,multi_hop,"Các ngành học có liên quan đến quản lý tại Đại học Kinh tế Quốc dân bao gồm:
Hệ thống thông tin quản lý (7340405): Ngành này tập trung vào việc quản lý thông tin và hệ thống thông tin trong tổ chức.
Quản lý đất đai (7850103): Ngành này chuyên về quản lý và sử dụng đất đai một cách hiệu quả.
Kinh tế và quản lý đô thị (7310101): Ngành này liên quan đến việc quản lý các vấn đề kinh tế và phát triển đô thị.
Mỗi ngành đều có những môn học đặc trưng và cơ hội nghề nghiệp riêng, giúp sinh viên phát triển kỹ năng quản lý trong các lĩnh vực khác nhau.",HỆ THỐNG THÔNG TIN QUẢN LÝ; QUẢN LÝ ĐẤT ĐAI; KINH TẾ VÀ QUẢN LÝ ĐÔ THỊ,"4:a3ff579b-a612-47d7-8e04-08ddc9d83354:137; 4:a3ff579b-a612-47d7-8e04-08ddc9d83354:411; 
4:a3ff579b-a612-47d7-8e04-08ddc9d83354:244",HỆ THỐNG THÔNG TIN QUẢN LÝ; QUẢN LÝ ĐẤT ĐAI; KINH TẾ VÀ QUẢN LÝ ĐÔ THỊ,6,,,Quybui,,
q041,các môn học của ngành kinh tế học?,multi_hop,"Ngành Kinh tế có các môn học sau:
1. Chuyên đề thực tế - thống kê kinh tế (TKKD1132)
2. Chính sách kinh tế đối ngoại 1 (TMKQ1103)
3. Chính sách kinh tế đối ngoại 2 (TMKQ1104)
4. Chuyên đề thực tế - toán kinh tế (TOKT1171)
5. Chuyên đề thực tế - kinh tế và quản lý đô thị (MTDT1129)
6. Chuyên đề thực tế (KHMA1134)
7. Kinh tế phát triển (PTKT1128)
8. Chiến lược phát triển (PTCC1104)
9. Kinh tế vĩ mô 1 (KHMA1101)
10. Kinh tế vi mô 1 (KHMI1101)
11. Lịch sử đảng cộng sản Việt Nam (LLDL1102)
12. Triết học Mác - Lênin (LLNL1105)
13. Chủ nghĩa xã hội khoa học (LLNL1107)
14. Kinh tế chính trị Mác - Lênin (LLNL1106)
15. Tư tưởng Hồ Chí Minh (LLTT1101)
16. Kinh tế nguồn nhân lực (NLKT1117)
17. Kinh tế lao động (NLKT1115)
18. Phát triển nguồn nhân lực (NLKT1106)
19. Quan hệ lao động (NLKT1109)
20. Quản lý nguồn nhân lực trong tổ chức công (NLKT1121)
21. Quản lý hoạt động công đoàn (NLKT1127)
22. Tạo động lực lao động (NLKT1130)
23. Quản lý an toàn và sức khỏe nghề nghiệp (NLKT1118)",CHUYÊN ĐỀ THỰC TẾ - THỐNG KÊ KINH TẾ; CHUYÊN ĐỀ THỰC TẾ - THỐNG KÊ KINH TẾ; CHUYÊN ĐỀ THỰC TẾ - TOÁN KINH TẾ; CHÍNH SÁCH KINH TẾ ĐỐI NGOẠI 1; CHÍNH SÁCH KINH TẾ ĐỐI NGOẠI 1; CHÍNH SÁCH KINH TẾ ĐỐI NGOẠI 2; CHÍNH SÁCH KINH TẾ ĐỐI NGOẠI 2; CHỦ NGHĨA XÃ HỘI KHOA HỌC; KINH TẾ VI MÔ 1; PHÁT TRIỂN NGUỒN NHÂN LỰC; QUAN HỆ LAO ĐỘNG; QUẢN LÝ AN TOÀN VÀ SỨC KHỎE NGHỀ NGHIỆP; QUẢN LÝ AN TOÀN VÀ SỨC KHỎE NGHỀ NGHIỆP; QUẢN LÝ HOẠT ĐỘNG CÔNG ĐOÀN; QUẢN LÝ HOẠT ĐỘNG CÔNG ĐOÀN; QUẢN LÝ NGUỒN NHÂN LỰC TRONG TỔ CHỨC CÔNG; TẠO ĐỘNG LỰC LAO ĐỘNG; TẠO ĐỘNG LỰC LAO ĐỘNG,4:a3ff579b-a612-47d7-8e04-08ddc9d83354:1439; 4:a3ff579b-a612-47d7-8e04-08ddc9d83354:1440; 4:a3ff579b-a612-47d7-8e04-08ddc9d83354:1460; 4:a3ff579b-a612-47d7-8e04-08ddc9d83354:1546; 4:a3ff579b-a612-47d7-8e04-08ddc9d83354:1547; 4:a3ff579b-a612-47d7-8e04-08ddc9d83354:1552; 4:a3ff579b-a612-47d7-8e04-08ddc9d83354:1553; 4:a3ff579b-a612-47d7-8e04-08ddc9d83354:1615; 4:a3ff579b-a612-47d7-8e04-08ddc9d83354:2679; 4:a3ff579b-a612-47d7-8e04-08ddc9d83354:4829; 4:a3ff579b-a612-47d7-8e04-08ddc9d83354:5058; 4:a3ff579b-a612-47d7-8e04-08ddc9d83354:5126; 4:a3ff579b-a612-47d7-8e04-08ddc9d83354:5127; 4:a3ff579b-a612-47d7-8e04-08ddc9d83354:5224; 4:a3ff579b-a612-47d7-8e04-08ddc9d83354:5225; 4:a3ff579b-a612-47d7-8e04-08ddc9d83354:5257; 4:a3ff579b-a612-47d7-8e04-08ddc9d83354:7014; 4:a3ff579b-a612-47d7-8e04-08ddc9d83354:7015,CHUYÊN ĐỀ THỰC TẾ - THỐNG KÊ KINH TẾ; CHUYÊN ĐỀ THỰC TẾ - THỐNG KÊ KINH TẾ; CHUYÊN ĐỀ THỰC TẾ - TOÁN KINH TẾ; CHÍNH SÁCH KINH TẾ ĐỐI NGOẠI 1; CHÍNH SÁCH KINH TẾ ĐỐI NGOẠI 1; CHÍNH SÁCH KINH TẾ ĐỐI NGOẠI 2; CHÍNH SÁCH KINH TẾ ĐỐI NGOẠI 2; CHỦ NGHĨA XÃ HỘI KHOA HỌC; KINH TẾ VI MÔ 1; PHÁT TRIỂN NGUỒN NHÂN LỰC; QUAN HỆ LAO ĐỘNG; QUẢN LÝ AN TOÀN VÀ SỨC KHỎE NGHỀ NGHIỆP; QUẢN LÝ AN TOÀN VÀ SỨC KHỎE NGHỀ NGHIỆP; QUẢN LÝ HOẠT ĐỘNG CÔNG ĐOÀN; QUẢN LÝ HOẠT ĐỘNG CÔNG ĐOÀN; QUẢN LÝ NGUỒN NHÂN LỰC TRONG TỔ CHỨC CÔNG; TẠO ĐỘNG LỰC LAO ĐỘNG; TẠO ĐỘNG LỰC LAO ĐỘNG,6,,,Quybui,,
q042,kinh tế vi mô khác gì vĩ mô,multi_hop,"Kinh tế vi mô và kinh tế vĩ mô là hai lĩnh vực khác nhau trong kinh tế học.
- Kinh tế vi mô tập trung vào hành vi của các cá nhân và doanh nghiệp, nghiên cứu các quyết định của họ trong việc phân bổ tài nguyên, sản xuất và tiêu dùng. Nó bao gồm các khái niệm như cung và cầu, cấu trúc thị trường, và quyết định của doanh nghiệp.
- Kinh tế vĩ mô nghiên cứu các hiện tượng kinh tế tổng thể, như tăng trưởng kinh tế, lạm phát, thất nghiệp và chính sách kinh tế của chính phủ. Nó xem xét các yếu tố ảnh hưởng đến nền kinh tế quốc gia hoặc toàn cầu.
Tóm lại, kinh tế vi mô tập trung vào các yếu tố nhỏ hơn trong nền kinh tế, trong khi kinh tế vĩ mô xem xét các vấn đề lớn hơn và tổng thể hơn.",LOGISTICS VÀ QUẢN LÝ CHUỖI CUNG ỨNG,4:a3ff579b-a612-47d7-8e04-08ddc9d83354:310,LOGISTICS VÀ QUẢN LÝ CHUỖI CUNG ỨNG,6,,,Quybui,,
q043,Môn Kinh tế vi mô học những nội dung gì,multi_hop,"Môn KINH TẾ VI MÔ 1 (KHMI1101) học những nội dung như:
- CÁC CẤU TRÚC THỊ TRƯỜNG
- CUNG VÀ CẦU
- QUYẾT ĐỊNH CỦA DOANH NGHIỆP
- THƯƠNG MẠI QUỐC TẾ
- VAI TRÒ CỦA CHÍNH PHỦ TRONG NỀN KINH TẾ THỊ TRƯỜNG
- HÀNH VI CỦA NGƯỜI TIÊU DÙNG",KINH TẾ VI MÔ 1; KINH TẾ VI MÔ 2,"4:a3ff579b-a612-47d7-8e04-08ddc9d83354:8; 
4:a3ff579b-a612-47d7-8e04-08ddc9d83354:247",KINH TẾ VI MÔ 1; KINH TẾ VI MÔ 2,6,,,,,
q044,Ngành Toán Kinh tế là kết hợp toán vào kinh tế hả,single_hop,"Ngành Toán Kinh tế (7310108) là sự kết hợp giữa toán học và kinh tế, nhằm áp dụng các phương pháp toán học vào các vấn đề kinh tế.",TOÁN KINH TẾ,4:e50f6803-558c-4cc6-8924-1389cdd81472:491,TOÁN KINH TẾ,,,CUR-CTĐT NGÀNH TOÁN KINH TẾ,,,
q045,QUAN HỆ LAO ĐỘNG nghiên cứu những mối quan hệ nào trong doanh nghiệp?,multi_hop,"Môn ""Quan hệ lao động (NLKT1109)"" nghiên cứu các mối quan hệ trong doanh nghiệp như:
- Thương lượng tập thể và thỏa ước lao động tập thể.
- Tránh và giải quyết tranh chấp lao động.
- Quan hệ lao động Việt Nam trong bối cảnh hội nhập quốc tế.
- Quan hệ lao động trong khu vực công.
- Các khái niệm về quan hệ lao động.
- Các mô hình quan hệ lao động.
- Đối thoại xã hội trong quan hệ lao động.",QUAN HỆ LAO ĐỘNG,4:e50f6803-558c-4cc6-8924-1389cdd81472:469,QUAN HỆ LAO ĐỘNG,6,,,,,
q046,"Tôi có năng khiếu giao tiếp, thuyết trình và thích làm việc với khách hàng thì nên học ngành gì tại NEU?",multi_hop,"Nếu bạn có năng khiếu giao tiếp, thuyết trình và thích làm việc với khách hàng, bạn nên học các ngành sau tại NEU:
Marketing
Quản trị kinh doanh
Quản trị dịch vụ và du lịch
Kinh doanh quốc tế",Marketing; Quản trị kinh doanh 1; Quản trị dịch vụ du lịch và lữ hành,4:443337c8-1ea6-45a6-8a90-e64834b5ae05:373; 4:443337c8-1ea6-45a6-8a90-e64834b5ae05:89; 4:443337c8-1ea6-45a6-8a90-e64834b5ae05:486,Marketing; Quản trị kinh doanh 1; Quản trị dịch vụ du lịch và lữ hành,6,,,,,
q047,Tôi có thế mạnh về ngoại ngữ và muốn làm việc trong môi trường quốc tế thì nên học ngành gì tại NEU?,multi_hop,"Với thế mạnh về ngoại ngữ và mong muốn làm việc trong môi trường quốc tế, bạn có thể lựa chọn các ngành sau tại NEU:
Kinh doanh quốc tế
Ngôn ngữ Anh
Kinh tế quốc tế
Các ngành này giúp bạn rèn luyện ngoại ngữ chuyên ngành và làm việc trong các doanh nghiệp, tổ chức quốc tế.",Kinh doanh quốc tế; Ngôn ngữ Anh,4:443337c8-1ea6-45a6-8a90-e64834b5ae05:216; 4:443337c8-1ea6-45a6-8a90-e64834b5ae05:396,Kinh doanh quốc tế; Ngôn ngữ Anh,6,,,,,
q048,"Tôi thích tự kinh doanh, khởi nghiệp sau khi ra trường thì nên học ngành gì tại NEU?",multi_hop,"Nếu bạn yêu thích việc mình có thể tự kinh doanh, khởi nghiệp sau khi ra trường, bạn nên cân nhắc các ngành sau tại NEU:
Quản trị kinh doanh
Khởi nghiệp và đổi mới sáng tạo
Kinh doanh quốc tế
Marketing
Thương mại điện tử",Kinh doanh quốc tế; Marketing; Thương mại điện tử; Kính doanh quốc tế,4:443337c8-1ea6-45a6-8a90-e64834b5ae05:217; 4:443337c8-1ea6-45a6-8a90-e64834b5ae05:373; 4:443337c8-1ea6-45a6-8a90-e64834b5ae05:539; 4:443337c8-1ea6-45a6-8a90-e64834b5ae05:215,Kinh doanh quốc tế; Marketing; Thương mại điện tử; Kính doanh quốc tế,6,,,,,
q049,Tuần 15 của môn Phát triển ứng dụng di động học gì?,single-hop,"Tuần 15 là tuần tổng kết môn học, sinh viên hoàn thiện sản phẩm cuối kỳ, trình bày báo cáo, thể hiện mức độ hiểu biết, tính sáng tạo và khả năng vận dụng kiến thức để đánh giá kết quả học tập.",Phát triển ứng dụng di động,"
4:443337c8-1ea6-45a6-8a90-e64834b5ae05:131",,,,,,,
q050,"Em rất thích phân tích, thiết kế và sáng tạo thì nên học ngành gì tại NEU ạ?",multi_hop,"Nếu bạn yêu thích phân tích, thiết kế và sáng tạo, bạn có thể lựa chọn các ngành sau tại NEU:
Hệ thống thông tin quản lý
Marketing
Công nghệ thông tin
Thương mại điện tử",Marketing; Thương mại điện tử; Công nghệ thông tin; Khoa học máy tính,4:443337c8-1ea6-45a6-8a90-e64834b5ae05:373; 4:443337c8-1ea6-45a6-8a90-e64834b5ae05:539; 4:443337c8-1ea6-45a6-8a90-e64834b5ae05:118; 4:443337c8-1ea6-45a6-8a90-e64834b5ae05:160,Marketing; Thương mại điện tử; Công nghệ thông tin; Khoa học máy tính,6,,,,,
,,,,,,,,,,,,
,"đỏ là k rep đc, vàng là rep đc nhưng sai, xanh rep ok",,,,,,,,,,,
,,,,,,,,,,,,
,,,,,,,,,,,,
,,,,,,,,,,,,
,,,,,,,,,,,,
,,,,,,,,,,,,
,,,,,,,,,,,,
,,,,,,,,,,,,
,,,,,,,,,,,,
,,,,,,,,,,,,
,,,,,,,,,,,,
,,,,,,,,,,,,
,,,,,,,,,,,,
,,,,,,,,,,,,
,,,,,,,,,,,,
,,,,,,,,,,,,
,,,,,,,,,,,,
,,,,,,,,,,,,
,,,,,,,,,,,,
,,,,,,,,,,,,
,,,,,,,,,,,,
,,,,,,,,,,,,
,,,,,,,,,,,,
,,,,,,,,,,,,
,,,,,,,,,,,,
,,,,,,,,,,,,
,,,,,,,,,,,,
,,,,,,,,,,,,
,,,,,,,,,,,,
,,,,,,,,,,,,
,,,,,,,,,,,,
,,,,,,,,,,,,
,,,,,,,,,,,,
,,,,,,,,,,,,
,,,,,,,,,,,,
,,,,,,,,,,,,
,,,,,,,,,,,,
,,,,,,,,,,,,
,,,,,,,,,,,,
,,,,,,,,,,,,
,,,,,,,,,,,,
,,,,,,,,,,,,
,,,,,,,,,,,,
,,,,,,,,,,,,
,,,,,,,,,,,,
,,,,,,,,,,,,
,,,,,,,,,,,,
,,,,,,,,,,,,
,,,,,,,,,,,,
,,,,,,,,,,,,
,,,,,,,,,,,,
,,,,,,,,,,,,
,,,,,,,,,,,,
,,,,,,,,,,,,
,,,,,,,,,,,,
,,,,,,,,,,,,
,,,,,,,,,,,,
,,,,,,,,,,,,
,,,,,,,,,,,,
,,,,,,,,,,,,
,,,,,,,,,,,,
,,,,,,,,,,,,
,,,,,,,,,,,,
,,,,,,,,,,,,
,,,,,,,,,,,,
,,,,,,,,,,,,
,,,,,,,,,,,,
,,,,,,,,,,,,
,,,,,,,,,,,,
,,,,,,,,,,,,
,,,,,,,,,,,,
,,,,,,,,,,,,
,,,,,,,,,,,,
,,,,,,,,,,,,
,,,,,,,,,,,,
,,,,,,,,,,,,
,,,,,,,,,,,,
,,,,,,,,,,,,
,,,,,,,,,,,,
,,,,,,,,,,,,
,,,,,,,,,,,,
,,,,,,,,,,,,
,,,,,,,,,,,,
,,,,,,,,,,,,
,,,,,,,,,,,,
,,,,,,,,,,,,
,,,,,,,,,,,,
,,,,,,,,,,,,
,,,,,,,,,,,,
,,,,,,,,,,,,
,,,,,,,,,,,,
,,,,,,,,,,,,
,,,,,,,,,,,,
,,,,,,,,,,,,
,,,,,,,,,,,,
,,,,,,,,,,,,
,,,,,,,,,,,,
,,,,,,,,,,,,
,,,,,,,,,,,,
,,,,,,,,,,,,
,,,,,,,,,,,,
,,,,,,,,,,,,
,,,,,,,,,,,,
,,,,,,,,,,,,
,,,,,,,,,,,,
,,,,,,,,,,,,
,,,,,,,,,,,,
,,,,,,,,,,,,
,,,,,,,,,,,,
,,,,,,,,,,,,
,,,,,,,,,,,,
,,,,,,,,,,,,
,,,,,,,,,,,,
,,,,,,,,,,,,
,,,,,,,,,,,,
,,,,,,,,,,,,
,,,,,,,,,,,,
,,,,,,,,,,,,
,,,,,,,,,,,,
,,,,,,,,,,,,
,,,,,,,,,,,,
,,,,,,,,,,,,
,,,,,,,,,,,,
,,,,,,,,,,,,
,,,,,,,,,,,,
,,,,,,,,,,,,
,,,,,,,,,,,,
,,,,,,,,,,,,
,,,,,,,,,,,,
,,,,,,,,,,,,
,,,,,,,,,,,,
,,,,,,,,,,,,
,,,,,,,,,,,,
,,,,,,,,,,,,
,,,,,,,,,,,,
,,,,,,,,,,,,
,,,,,,,,,,,,
,,,,,,,,,,,,
,,,,,,,,,,,,
,,,,,,,,,,,,
,,,,,,,,,,,,
,,,,,,,,,,,,
,,,,,,,,,,,,
,,,,,,,,,,,,
,,,,,,,,,,,,
,,,,,,,,,,,,
,,,,,,,,,,,,
,,,,,,,,,,,,
,,,,,,,,,,,,
,,,,,,,,,,,,
,,,,,,,,,,,,
,,,,,,,,,,,,
,,,,,,,,,,,,
,,,,,,,,,,,,
,,,,,,,,,,,,
,,,,,,,,,,,,
,,,,,,,,,,,,
,,,,,,,,,,,,
,,,,,,,,,,,,
,,,,,,,,,,,,
,,,,,,,,,,,,
,,,,,,,,,,,,
,,,,,,,,,,,,
,,,,,,,,,,,,
,,,,,,,,,,,,
,,,,,,,,,,,,
,,,,,,,,,,,,
,,,,,,,,,,,,
,,,,,,,,,,,,
,,,,,,,,,,,,
,,,,,,,,,,,,
,,,,,,,,,,,,
,,,,,,,,,,,,
,,,,,,,,,,,,
,,,,,,,,,,,,
,,,,,,,,,,,,
,,,,,,,,,,,,
,,,,,,,,,,,,
,,,,,,,,,,,,
,,,,,,,,,,,,
,,,,,,,,,,,,
,,,,,,,,,,,,
,,,,,,,,,,,,
,,,,,,,,,,,,
,,,,,,,,,,,,
,,,,,,,,,,,,
,,,,,,,,,,,,
,,,,,,,,,,,,
,,,,,,,,,,,,
,,,,,,,,,,,,
,,,,,,,,,,,,
,,,,,,,,,,,,
,,,,,,,,,,,,
,,,,,,,,,,,,
,,,,,,,,,,,,
,,,,,,,,,,,,
,,,,,,,,,,,,
,,,,,,,,,,,,
,,,,,,,,,,,,
,,,,,,,,,,,,
,,,,,,,,,,,,
,,,,,,,,,,,,
,,,,,,,,,,,,
,,,,,,,,,,,,
,,,,,,,,,,,,
,,,,,,,,,,,,
,,,,,,,,,,,,
,,,,,,,,,,,,
,,,,,,,,,,,,
,,,,,,,,,,,,
,,,,,,,,,,,,
,,,,,,,,,,,,
,,,,,,,,,,,,
,,,,,,,,,,,,
,,,,,,,,,,,,
,,,,,,,,,,,,
,,,,,,,,,,,,
,,,,,,,,,,,,
,,,,,,,,,,,,
,,,,,,,,,,,,
,,,,,,,,,,,,
,,,,,,,,,,,,
,,,,,,,,,,,,
,,,,,,,,,,,,
,,,,,,,,,,,,
,,,,,,,,,,,,
,,,,,,,,,,,,
,,,,,,,,,,,,
,,,,,,,,,,,,
,,,,,,,,,,,,
,,,,,,,,,,,,
,,,,,,,,,,,,
,,,,,,,,,,,,
,,,,,,,,,,,,
,,,,,,,,,,,,
,,,,,,,,,,,,
,,,,,,,,,,,,
,,,,,,,,,,,,
,,,,,,,,,,,,
,,,,,,,,,,,,
,,,,,,,,,,,,
,,,,,,,,,,,,
,,,,,,,,,,,,
,,,,,,,,,,,,
,,,,,,,,,,,,
,,,,,,,,,,,,
,,,,,,,,,,,,
,,,,,,,,,,,,
,,,,,,,,,,,,
,,,,,,,,,,,,
,,,,,,,,,,,,
,,,,,,,,,,,,
,,,,,,,,,,,,
,,,,,,,,,,,,
,,,,,,,,,,,,
,,,,,,,,,,,,
,,,,,,,,,,,,
,,,,,,,,,,,,
,,,,,,,,,,,,
,,,,,,,,,,,,
,,,,,,,,,,,,
,,,,,,,,,,,,
,,,,,,,,,,,,
,,,,,,,,,,,,
,,,,,,,,,,,,
,,,,,,,,,,,,
,,,,,,,,,,,,
,,,,,,,,,,,,
,,,,,,,,,,,,
,,,,,,,,,,,,
,,,,,,,,,,,,
,,,,,,,,,,,,
,,,,,,,,,,,,
,,,,,,,,,,,,
,,,,,,,,,,,,
,,,,,,,,,,,,
,,,,,,,,,,,,
,,,,,,,,,,,,
,,,,,,,,,,,,
,,,,,,,,,,,,
,,,,,,,,,,,,
,,,,,,,,,,,,
,,,,,,,,,,,,
,,,,,,,,,,,,
,,,,,,,,,,,,
,,,,,,,,,,,,
,,,,,,,,,,,,
,,,,,,,,,,,,
,,,,,,,,,,,,
,,,,,,,,,,,,
,,,,,,,,,,,,
,,,,,,,,,,,,
,,,,,,,,,,,,
,,,,,,,,,,,,
,,,,,,,,,,,,
,,,,,,,,,,,,
,,,,,,,,,,,,
,,,,,,,,,,,,
,,,,,,,,,,,,
,,,,,,,,,,,,
,,,,,,,,,,,,
,,,,,,,,,,,,
,,,,,,,,,,,,
,,,,,,,,,,,,
,,,,,,,,,,,,
,,,,,,,,,,,,
,,,,,,,,,,,,
,,,,,,,,,,,,
,,,,,,,,,,,,
,,,,,,,,,,,,
,,,,,,,,,,,,
,,,,,,,,,,,,
,,,,,,,,,,,,
,,,,,,,,,,,,
,,,,,,,,,,,,
,,,,,,,,,,,,
,,,,,,,,,,,,
,,,,,,,,,,,,
,,,,,,,,,,,,
,,,,,,,,,,,,
,,,,,,,,,,,,
,,,,,,,,,,,,
,,,,,,,,,,,,
,,,,,,,,,,,,
,,,,,,,,,,,,
,,,,,,,,,,,,
,,,,,,,,,,,,
,,,,,,,,,,,,
,,,,,,,,,,,,
,,,,,,,,,,,,
,,,,,,,,,,,,
,,,,,,,,,,,,
,,,,,,,,,,,,
,,,,,,,,,,,,
,,,,,,,,,,,,
,,,,,,,,,,,,
,,,,,,,,,,,,
,,,,,,,,,,,,
,,,,,,,,,,,,
,,,,,,,,,,,,
,,,,,,,,,,,,
,,,,,,,,,,,,
,,,,,,,,,,,,
,,,,,,,,,,,,
,,,,,,,,,,,,
,,,,,,,,,,,,
,,,,,,,,,,,,
,,,,,,,,,,,,
,,,,,,,,,,,,
,,,,,,,,,,,,
,,,,,,,,,,,,
,,,,,,,,,,,,
,,,,,,,,,,,,
,,,,,,,,,,,,
,,,,,,,,,,,,
,,,,,,,,,,,,
,,,,,,,,,,,,
,,,,,,,,,,,,
,,,,,,,,,,,,
,,,,,,,,,,,,
,,,,,,,,,,,,
,,,,,,,,,,,,
,,,,,,,,,,,,
,,,,,,,,,,,,
,,,,,,,,,,,,
,,,,,,,,,,,,
,,,,,,,,,,,,
,,,,,,,,,,,,
,,,,,,,,,,,,
,,,,,,,,,,,,
,,,,,,,,,,,,
,,,,,,,,,,,,
,,,,,,,,,,,,
,,,,,,,,,,,,
,,,,,,,,,,,,
,,,,,,,,,,,,
,,,,,,,,,,,,
,,,,,,,,,,,,
,,,,,,,,,,,,
,,,,,,,,,,,,
,,,,,,,,,,,,
,,,,,,,,,,,,
,,,,,,,,,,,,
,,,,,,,,,,,,
,,,,,,,,,,,,
,,,,,,,,,,,,
,,,,,,,,,,,,
,,,,,,,,,,,,
,,,,,,,,,,,,
,,,,,,,,,,,,
,,,,,,,,,,,,
,,,,,,,,,,,,
,,,,,,,,,,,,
,,,,,,,,,,,,
,,,,,,,,,,,,
,,,,,,,,,,,,
,,,,,,,,,,,,
,,,,,,,,,,,,
,,,,,,,,,,,,
,,,,,,,,,,,,
,,,,,,,,,,,,
,,,,,,,,,,,,
,,,,,,,,,,,,
,,,,,,,,,,,,
,,,,,,,,,,,,
,,,,,,,,,,,,
,,,,,,,,,,,,
,,,,,,,,,,,,
,,,,,,,,,,,,
,,,,,,,,,,,,
,,,,,,,,,,,,
,,,,,,,,,,,,
,,,,,,,,,,,,
,,,,,,,,,,,,
,,,,,,,,,,,,
,,,,,,,,,,,,
,,,,,,,,,,,,
,,,,,,,,,,,,
,,,,,,,,,,,,
,,,,,,,,,,,,
,,,,,,,,,,,,
,,,,,,,,,,,,
,,,,,,,,,,,,
,,,,,,,,,,,,
,,,,,,,,,,,,
,,,,,,,,,,,,
,,,,,,,,,,,,
,,,,,,,,,,,,
,,,,,,,,,,,,
,,,,,,,,,,,,
,,,,,,,,,,,,
,,,,,,,,,,,,
,,,,,,,,,,,,
,,,,,,,,,,,,
,,,,,,,,,,,,
,,,,,,,,,,,,
,,,,,,,,,,,,
,,,,,,,,,,,,
,,,,,,,,,,,,
,,,,,,,,,,,,
,,,,,,,,,,,,
,,,,,,,,,,,,
,,,,,,,,,,,,
,,,,,,,,,,,,
,,,,,,,,,,,,
,,,,,,,,,,,,
,,,,,,,,,,,,
,,,,,,,,,,,,
,,,,,,,,,,,,
,,,,,,,,,,,,
,,,,,,,,,,,,
,,,,,,,,,,,,
,,,,,,,,,,,,
,,,,,,,,,,,,
,,,,,,,,,,,,
,,,,,,,,,,,,
,,,,,,,,,,,,
,,,,,,,,,,,,
,,,,,,,,,,,,
,,,,,,,,,,,,
,,,,,,,,,,,,
,,,,,,,,,,,,
,,,,,,,,,,,,
,,,,,,,,,,,,
,,,,,,,,,,,,
,,,,,,,,,,,,
,,,,,,,,,,,,
,,,,,,,,,,,,
,,,,,,,,,,,,
,,,,,,,,,,,,
,,,,,,,,,,,,
,,,,,,,,,,,,
,,,,,,,,,,,,
,,,,,,,,,,,,
,,,,,,,,,,,,
,,,,,,,,,,,,
,,,,,,,,,,,,
,,,,,,,,,,,,
,,,,,,,,,,,,
,,,,,,,,,,,,
,,,,,,,,,,,,
,,,,,,,,,,,,
,,,,,,,,,,,,
,,,,,,,,,,,,
,,,,,,,,,,,,
,,,,,,,,,,,,
,,,,,,,,,,,,
,,,,,,,,,,,,
,,,,,,,,,,,,
,,,,,,,,,,,,
,,,,,,,,,,,,
,,,,,,,,,,,,
,,,,,,,,,,,,
,,,,,,,,,,,,
,,,,,,,,,,,,
,,,,,,,,,,,,
,,,,,,,,,,,,
,,,,,,,,,,,,
,,,,,,,,,,,,
,,,,,,,,,,,,
,,,,,,,,,,,,
,,,,,,,,,,,,
,,,,,,,,,,,,
,,,,,,,,,,,,
,,,,,,,,,,,,
,,,,,,,,,,,,
,,,,,,,,,,,,
,,,,,,,,,,,,
,,,,,,,,,,,,
,,,,,,,,,,,,
,,,,,,,,,,,,
,,,,,,,,,,,,
,,,,,,,,,,,,
,,,,,,,,,,,,
,,,,,,,,,,,,
,,,,,,,,,,,,
,,,,,,,,,,,,
,,,,,,,,,,,,
,,,,,,,,,,,,
,,,,,,,,,,,,
,,,,,,,,,,,,
,,,,,,,,,,,,
,,,,,,,,,,,,
,,,,,,,,,,,,
,,,,,,,,,,,,
,,,,,,,,,,,,
,,,,,,,,,,,,
,,,,,,,,,,,,
,,,,,,,,,,,,
,,,,,,,,,,,,
,,,,,,,,,,,,
,,,,,,,,,,,,
,,,,,,,,,,,,
,,,,,,,,,,,,
,,,,,,,,,,,,
,,,,,,,,,,,,
,,,,,,,,,,,,
,,,,,,,,,,,,
,,,,,,,,,,,,
,,,,,,,,,,,,
,,,,,,,,,,,,
,,,,,,,,,,,,
,,,,,,,,,,,,
,,,,,,,,,,,,
,,,,,,,,,,,,
,,,,,,,,,,,,
,,,,,,,,,,,,
,,,,,,,,,,,,
,,,,,,,,,,,,
,,,,,,,,,,,,
,,,,,,,,,,,,
,,,,,,,,,,,,
,,,,,,,,,,,,
,,,,,,,,,,,,
,,,,,,,,,,,,
,,,,,,,,,,,,
,,,,,,,,,,,,
,,,,,,,,,,,,
,,,,,,,,,,,,
,,,,,,,,,,,,
,,,,,,,,,,,,
,,,,,,,,,,,,
,,,,,,,,,,,,
,,,,,,,,,,,,
,,,,,,,,,,,,
,,,,,,,,,,,,
,,,,,,,,,,,,
,,,,,,,,,,,,
,,,,,,,,,,,,
,,,,,,,,,,,,
,,,,,,,,,,,,
,,,,,,,,,,,,
,,,,,,,,,,,,
,,,,,,,,,,,,
,,,,,,,,,,,,
,,,,,,,,,,,,
,,,,,,,,,,,,
,,,,,,,,,,,,
,,,,,,,,,,,,
,,,,,,,,,,,,
,,,,,,,,,,,,
,,,,,,,,,,,,
,,,,,,,,,,,,
,,,,,,,,,,,,
,,,,,,,,,,,,
,,,,,,,,,,,,
,,,,,,,,,,,,
,,,,,,,,,,,,
,,,,,,,,,,,,
,,,,,,,,,,,,
,,,,,,,,,,,,
,,,,,,,,,,,,
,,,,,,,,,,,,
,,,,,,,,,,,,
,,,,,,,,,,,,
,,,,,,,,,,,,
,,,,,,,,,,,,
,,,,,,,,,,,,
,,,,,,,,,,,,
,,,,,,,,,,,,
,,,,,,,,,,,,
,,,,,,,,,,,,
,,,,,,,,,,,,
,,,,,,,,,,,,
,,,,,,,,,,,,
,,,,,,,,,,,,
,,,,,,,,,,,,
,,,,,,,,,,,,
,,,,,,,,,,,,
,,,,,,,,,,,,
,,,,,,,,,,,,
,,,,,,,,,,,,
,,,,,,,,,,,,
,,,,,,,,,,,,
,,,,,,,,,,,,
,,,,,,,,,,,,
,,,,,,,,,,,,
,,,,,,,,,,,,
,,,,,,,,,,,,
,,,,,,,,,,,,
,,,,,,,,,,,,
,,,,,,,,,,,,
,,,,,,,,,,,,
,,,,,,,,,,,,
,,,,,,,,,,,,
,,,,,,,,,,,,
,,,,,,,,,,,,
,,,,,,,,,,,,
,,,,,,,,,,,,
,,,,,,,,,,,,
,,,,,,,,,,,,
,,,,,,,,,,,,
,,,,,,,,,,,,
,,,,,,,,,,,,
,,,,,,,,,,,,
,,,,,,,,,,,,
,,,,,,,,,,,,
,,,,,,,,,,,,
,,,,,,,,,,,,
,,,,,,,,,,,,
,,,,,,,,,,,,
,,,,,,,,,,,,
,,,,,,,,,,,,
,,,,,,,,,,,,
,,,,,,,,,,,,
,,,,,,,,,,,,
,,,,,,,,,,,,
,,,,,,,,,,,,
,,,,,,,,,,,,
,,,,,,,,,,,,
,,,,,,,,,,,,
,,,,,,,,,,,,
,,,,,,,,,,,,
,,,,,,,,,,,,
,,,,,,,,,,,,
,,,,,,,,,,,,
,,,,,,,,,,,,
,,,,,,,,,,,,
,,,,,,,,,,,,
,,,,,,,,,,,,
,,,,,,,,,,,,
,,,,,,,,,,,,
,,,,,,,,,,,,
,,,,,,,,,,,,
,,,,,,,,,,,,
,,,,,,,,,,,,
,,,,,,,,,,,,
,,,,,,,,,,,,
,,,,,,,,,,,,
,,,,,,,,,,,,
,,,,,,,,,,,,
,,,,,,,,,,,,
,,,,,,,,,,,,
,,,,,,,,,,,,
,,,,,,,,,,,,
,,,,,,,,,,,,
,,,,,,,,,,,,
,,,,,,,,,,,,
,,,,,,,,,,,,
,,,,,,,,,,,,
,,,,,,,,,,,,
,,,,,,,,,,,,
,,,,,,,,,,,,
,,,,,,,,,,,,
,,,,,,,,,,,,
,,,,,,,,,,,,
,,,,,,,,,,,,
,,,,,,,,,,,,
,,,,,,,,,,,,
,,,,,,,,,,,,
,,,,,,,,,,,,
,,,,,,,,,,,,
,,,,,,,,,,,,
,,,,,,,,,,,,
,,,,,,,,,,,,
,,,,,,,,,,,,
,,,,,,,,,,,,
,,,,,,,,,,,,
,,,,,,,,,,,,
,,,,,,,,,,,,
,,,,,,,,,,,,
,,,,,,,,,,,,
,,,,,,,,,,,,
,,,,,,,,,,,,
,,,,,,,,,,,,
,,,,,,,,,,,,
,,,,,,,,,,,,
,,,,,,,,,,,,
,,,,,,,,,,,,
,,,,,,,,,,,,
,,,,,,,,,,,,
,,,,,,,,,,,,
,,,,,,,,,,,,
,,,,,,,,,,,,
,,,,,,,,,,,,
,,,,,,,,,,,,
,,,,,,,,,,,,
,,,,,,,,,,,,
,,,,,,,,,,,,
,,,,,,,,,,,,
,,,,,,,,,,,,
,,,,,,,,,,,,
,,,,,,,,,,,,
,,,,,,,,,,,,
,,,,,,,,,,,,
,,,,,,,,,,,,
,,,,,,,,,,,,
,,,,,,,,,,,,
,,,,,,,,,,,,
,,,,,,,,,,,,
,,,,,,,,,,,,
,,,,,,,,,,,,
,,,,,,,,,,,,
,,,,,,,,,,,,
,,,,,,,,,,,,
,,,,,,,,,,,,
,,,,,,,,,,,,
,,,,,,,,,,,,
,,,,,,,,,,,,
,,,,,,,,,,,,
,,,,,,,,,,,,
,,,,,,,,,,,,
,,,,,,,,,,,,
,,,,,,,,,,,,
,,,,,,,,,,,,
,,,,,,,,,,,,
,,,,,,,,,,,,
,,,,,,,,,,,,
,,,,,,,,,,,,
,,,,,,,,,,,,
,,,,,,,,,,,,
,,,,,,,,,,,,
,,,,,,,,,,,,
,,,,,,,,,,,,
,,,,,,,,,,,,
,,,,,,,,,,,,
,,,,,,,,,,,,
,,,,,,,,,,,,
,,,,,,,,,,,,
,,,,,,,,,,,,
,,,,,,,,,,,,
,,,,,,,,,,,,
,,,,,,,,,,,,
,,,,,,,,,,,,
,,,,,,,,,,,,
,,,,,,,,,,,,
,,,,,,,,,,,,
,,,,,,,,,,,,
,,,,,,,,,,,,
,,,,,,,,,,,,
,,,,,,,,,,,,
,,,,,,,,,,,,
,,,,,,,,,,,,
,,,,,,,,,,,,
,,,,,,,,,,,,
,,,,,,,,,,,,
,,,,,,,,,,,,
,,,,,,,,,,,,
,,,,,,,,,,,,
,,,,,,,,,,,,
,,,,,,,,,,,,
,,,,,,,,,,,,
,,,,,,,,,,,,
,,,,,,,,,,,,
,,,,,,,,,,,,
,,,,,,,,,,,,
,,,,,,,,,,,,
,,,,,,,,,,,,
,,,,,,,,,,,,
,,,,,,,,,,,,
,,,,,,,,,,,,
,,,,,,,,,,,,
,,,,,,,,,,,,
,,,,,,,,,,,,
,,,,,,,,,,,,
,,,,,,,,,,,,
,,,,,,,,,,,,
,,,,,,,,,,,,
,,,,,,,,,,,,
,,,,,,,,,,,,
,,,,,,,,,,,,
,,,,,,,,,,,,
,,,,,,,,,,,,
,,,,,,,,,,,,
,,,,,,,,,,,,
,,,,,,,,,,,,
,,,,,,,,,,,,
,,,,,,,,,,,,
,,,,,,,,,,,,
,,,,,,,,,,,,
,,,,,,,,,,,,
,,,,,,,,,,,,
,,,,,,,,,,,,
,,,,,,,,,,,,
,,,,,,,,,,,,
,,,,,,,,,,,,
,,,,,,,,,,,,
,,,,,,,,,,,,
,,,,,,,,,,,,
,,,,,,,,,,,,
,,,,,,,,,,,,
,,,,,,,,,,,,
,,,,,,,,,,,,
,,,,,,,,,,,,
,,,,,,,,,,,,
,,,,,,,,,,,,
,,,,,,,,,,,,
,,,,,,,,,,,,
,,,,,,,,,,,,
,,,,,,,,,,,,
,,,,,,,,,,,,
,,,,,,,,,,,,
,,,,,,,,,,,,
,,,,,,,,,,,,
,,,,,,,,,,,,
,,,,,,,,,,,,
,,,,,,,,,,,,
,,,,,,,,,,,,
,,,,,,,,,,,,
,,,,,,,,,,,,
,,,,,,,,,,,,
,,,,,,,,,,,,
,,,,,,,,,,,,
,,,,,,,,,,,,
,,,,,,,,,,,,
,,,,,,,,,,,,
,,,,,,,,,,,,
,,,,,,,,,,,,
,,,,,,,,,,,,
,,,,,,,,,,,,
,,,,,,,,,,,,
,,,,,,,,,,,,
,,,,,,,,,,,,
,,,,,,,,,,,,
,,,,,,,,,,,,
,,,,,,,,,,,,
,,,,,,,,,,,,
,,,,,,,,,,,,
,,,,,,,,,,,,
,,,,,,,,,,,,
,,,,,,,,,,,,
,,,,,,,,,,,,
,,,,,,,,,,,,
,,,,,,,,,,,,
,,,,,,,,,,,,
,,,,,,,,,,,,
,,,,,,,,,,,,
,,,,,,,,,,,,
,,,,,,,,,,,,
,,,,,,,,,,,,
,,,,,,,,,,,,
,,,,,,,,,,,,
,,,,,,,,,,,,
,,,,,,,,,,,,
,,,,,,,,,,,,
,,,,,,,,,,,,
,,,,,,,,,,,,
,,,,,,,,,,,,
,,,,,,,,,,,,
,,,,,,,,,,,,
,,,,,,,,,,,,
,,,,,,,,,,,,
,,,,,,,,,,,,
,,,,,,,,,,,,
,,,,,,,,,,,,
,,,,,,,,,,,,
,,,,,,,,,,,,
,,,,,,,,,,,,
,,,,,,,,,,,,
,,,,,,,,,,,,
,,,,,,,,,,,,
,,,,,,,,,,,,
,,,,,,,,,,,,
,,,,,,,,,,,,
,,,,,,,,,,,,
,,,,,,,,,,,,
,,,,,,,,,,,,
,,,,,,,,,,,,
,,,,,,,,,,,,
,,,,,,,,,,,,
,,,,,,,,,,,,
,,,,,,,,,,,,
,,,,,,,,,,,,
,,,,,,,,,,,,
,,,,,,,,,,,,
,,,,,,,,,,,,
,,,,,,,,,,,,
,,,,,,,,,,,,
,,,,,,,,,,,,
,,,,,,,,,,,,
,,,,,,,,,,,,
,,,,,,,,,,,,
,,,,,,,,,,,,
,,,,,,,,,,,,
,,,,,,,,,,,,
,,,,,,,,,,,,
,,,,,,,,,,,,
,,,,,,,,,,,,
,,,,,,,,,,,,
,,,,,,,,,,,,
,,,,,,,,,,,,
,,,,,,,,,,,,
,,,,,,,,,,,,
,,,,,,,,,,,,
,,,,,,,,,,,,
,,,,,,,,,,,,
,,,,,,,,,,,,
,,,,,,,,,,,,
,,,,,,,,,,,,
,,,,,,,,,,,,
,,,,,,,,,,,,
,,,,,,,,,,,,
,,,,,,,,,,,,
,,,,,,,,,,,,
,,,,,,,,,,,,
,,,,,,,,,,,,
,,,,,,,,,,,,
,,,,,,,,,,,,
,,,,,,,,,,,,
,,,,,,,,,,,,
,,,,,,,,,,,,
,,,,,,,,,,,,
,,,,,,,,,,,,
,,,,,,,,,,,,
,,,,,,,,,,,,
,,,,,,,,,,,,
,,,,,,,,,,,,
